left_wheel_current_velocity,left_wheel_target_velocity,left_wheel_current_sin_position,left_wheel_current_cos_position,left_wheel_torque
0.0,0,0.0,0.0,0.0
0.0,0,0.140658,-0.990058,-0.521633
0.0,0,0.140658,-0.990058,-0.521633
-0.020944,0,0.143695,-0.989622,-0.471
-0.0523599,0,0.143695,-0.989622,-0.521633
-0.020944,0,0.142177,-0.989841,-0.571848
0.0314159,0,0.140658,-0.990058,-0.521633
0.0,0,0.142177,-0.989841,-0.546793
0.010472,0,0.140658,-0.990058,-0.521633
0.020944,0,0.142177,-0.989841,-0.496368
0.0,0,0.140658,-0.990058,-0.546793
0.010472,0,0.140658,-0.990058,-0.521633
0.010472,0,0.140658,-0.990058,-0.521633
0.0,0,0.140658,-0.990058,-0.546793
0.0,0,0.140658,-0.990058,-0.521633
-0.010472,0,0.142177,-0.989841,-0.496368
-0.020944,0,0.142177,-0.989841,-0.471
-0.0418879,0,0.143695,-0.989622,-0.546793
0.0,0,0.142177,-0.989841,-0.521633
0.0,0,0.142177,-0.989841,-0.521633
0.0,0,0.142177,-0.989841,-0.521633
0.0,0,0.142177,-0.989841,-0.521633
0.0,0,0.140658,-0.990058,-0.546793
0.020944,0,0.140658,-0.990058,-0.546793
0.020944,0,0.140658,-0.990058,-0.521633
0.010472,0,0.140658,-0.990058,-0.546793
0.0,0,0.140658,-0.990058,-0.546793
0.0,0,0.140658,-0.990058,-0.521633
0.0,0,0.142177,-0.989841,-0.496368
-0.020944,0,0.142177,-0.989841,-0.496368
-0.010472,0,0.142177,-0.989841,-0.546793
0.0,0,0.142177,-0.989841,-0.546793
0.0,0,0.142177,-0.989841,-0.521633
0.0,0,0.142177,-0.989841,-0.496368
0.0,0,0.142177,-0.989841,-0.521633
0.0,0,0.142177,-0.989841,-0.521633
0.0,0,0.142177,-0.989841,-0.521633
0.0,0,0.142177,-0.989841,-0.521633
0.0,0,0.142177,-0.989841,-0.521633
0.0,0,0.142177,-0.989841,-0.521633
0.0,0,0.142177,-0.989841,-0.496368
0.0,0,0.142177,-0.989841,-0.521633
0.0,0,0.142177,-0.989841,-0.496368
0.0,0,0.142177,-0.989841,-0.546793
0.0,0,0.142177,-0.989841,-0.521633
0.0,0,0.142177,-0.989841,-0.521633
0.0,0,0.142177,-0.989841,-0.496368
0.0,0,0.142177,-0.989841,-0.521633
0.0,0,0.142177,-0.989841,-0.521633
0.0,0,0.142177,-0.989841,-0.496368
0.0,0,0.142177,-0.989841,-0.546793
0.0,0,0.142177,-0.989841,-0.546793
0.0,0,0.142177,-0.989841,-0.521633
0.0,0,0.142177,-0.989841,-0.521633
0.0,0,0.142177,-0.989841,-0.521633
0.0,0,0.142177,-0.989841,-0.496368
0.0,0,0.142177,-0.989841,-0.546793
0.0,0,0.142177,-0.989841,-0.521633
0.0,0,0.142177,-0.989841,-0.521633
0.0,0,0.142177,-0.989841,-0.496368
0.0,0,0.142177,-0.989841,-0.521633
0.0,0,0.142177,-0.989841,-0.496368
0.0,0,0.142177,-0.989841,-0.496368
0.0,0,0.142177,-0.989841,-0.521633
0.0,0,0.142177,-0.989841,-0.496368
0.0,0,0.142177,-0.989841,-0.546793
0.0,0,0.142177,-0.989841,-0.546793
0.0,0,0.142177,-0.989841,-0.521633
0.0,0,0.142177,-0.989841,-0.521633
0.0,0,0.142177,-0.989841,-0.521633
0.0,0,0.142177,-0.989841,-0.521633
0.0,0,0.142177,-0.989841,-0.521633
0.0,0,0.142177,-0.989841,-0.546793
0.0,0,0.142177,-0.989841,-0.521633
0.0,0,0.142177,-0.989841,-0.521633
0.0,0,0.142177,-0.989841,-0.521633
0.0,0,0.142177,-0.989841,-0.521633
0.0,0,0.142177,-0.989841,-0.521633
0.0,0,0.142177,-0.989841,-0.521633
0.0,0,0.142177,-0.989841,-0.546793
0.0,0,0.142177,-0.989841,-0.521633
0.0,0,0.142177,-0.989841,-0.521633
0.0,0,0.142177,-0.989841,-0.521633
0.0,0,0.142177,-0.989841,-0.521633
0.0,0,0.142177,-0.989841,-0.521633
0.0,0,0.142177,-0.989841,-0.521633
0.0,0,0.142177,-0.989841,-0.496368
0.0,0,0.142177,-0.989841,-0.521633
0.0,0,0.142177,-0.989841,-0.521633
0.0,0,0.142177,-0.989841,-0.496368
0.0,0,0.142177,-0.989841,-0.496368
0.0,0,0.142177,-0.989841,-0.521633
0.0,0,0.142177,-0.989841,-0.496368
0.0,0,0.142177,-0.989841,-0.496368
0.0,0,0.142177,-0.989841,-0.496368
0.0,0,0.142177,-0.989841,-0.496368
0.0,0,0.142177,-0.989841,-0.546793
0.0,0,0.142177,-0.989841,-0.496368
0.0,0,0.142177,-0.989841,-0.521633
0.0,0,0.142177,-0.989841,-0.496368
0.0,0,0.142177,-0.989841,-0.521633
0.0,0,0.142177,-0.989841,-0.546793
0.0,0,0.142177,-0.989841,-0.521633
0.0,0,0.142177,-0.989841,-0.521633
0.0,0,0.142177,-0.989841,-0.496368
0.0,0,0.142177,-0.989841,-0.496368
0.0,0,0.142177,-0.989841,-0.521633
0.0,0,0.142177,-0.989841,-0.521633
0.0,0,0.142177,-0.989841,-0.521633
0.0,0,0.142177,-0.989841,-0.521633
0.0,0,0.142177,-0.989841,-0.521633
0.0,0,0.142177,-0.989841,-0.521633
0.0,0,0.142177,-0.989841,-0.521633
0.0,0,0.142177,-0.989841,-0.521633
0.0,0,0.142177,-0.989841,-0.496368
0.0,0,0.142177,-0.989841,-0.521633
0.0,0,0.142177,-0.989841,-0.496368
0.0,0,0.142177,-0.989841,-0.521633
0.0,0,0.142177,-0.989841,-0.496368
0.0,0,0.142177,-0.989841,-0.496368
0.0,0,0.142177,-0.989841,-0.521633
0.0,0,0.142177,-0.989841,-0.521633
0.0,0,0.142177,-0.989841,-0.521633
0.0,0,0.142177,-0.989841,-0.496368
0.0,0,0.142177,-0.989841,-0.521633
0.0,0,0.142177,-0.989841,-0.521633
0.0,0,0.142177,-0.989841,-0.496368
0.0,0,0.142177,-0.989841,-0.521633
0.0,0,0.142177,-0.989841,-0.521633
0.0,0,0.142177,-0.989841,-0.496368
0.0,0,0.142177,-0.989841,-0.521633
0.0,0,0.142177,-0.989841,-0.496368
0.0,0,0.142177,-0.989841,-0.521633
0.0,0,0.142177,-0.989841,-0.521633
0.0,0,0.142177,-0.989841,-0.521633
0.0,0,0.142177,-0.989841,-0.521633
0.0,0,0.142177,-0.989841,-0.521633
0.0,0,0.142177,-0.989841,-0.521633
0.0,0,0.142177,-0.989841,-0.521633
0.0,0,0.142177,-0.989841,-0.521633
0.0,0,0.142177,-0.989841,-0.546793
0.0,0,0.142177,-0.989841,-0.496368
0.0,0,0.142177,-0.989841,-0.521633
0.0,0,0.142177,-0.989841,-0.521633
0.0,0,0.142177,-0.989841,-0.521633
0.0,0,0.142177,-0.989841,-0.496368
0.0,0,0.142177,-0.989841,-0.521633
0.0,0,0.142177,-0.989841,-0.521633
0.0,0,0.142177,-0.989841,-0.496368
0.0,0,0.142177,-0.989841,-0.521633
0.0,0,0.142177,-0.989841,-0.521633
0.0,0,0.142177,-0.989841,-0.521633
0.0,0,0.142177,-0.989841,-0.521633
0.0,0,0.142177,-0.989841,-0.521633
0.0,0,0.142177,-0.989841,-0.546793
0.0,0,0.142177,-0.989841,-0.496368
0.0,0,0.142177,-0.989841,-0.546793
0.0,0,0.142177,-0.989841,-0.496368
0.0,0,0.142177,-0.989841,-0.521633
0.0,0,0.142177,-0.989841,-0.546793
0.0,0,0.142177,-0.989841,-0.521633
0.0,0,0.142177,-0.989841,-0.521633
0.0,0,0.142177,-0.989841,-0.546793
0.0,0,0.142177,-0.989841,-0.496368
0.0,0,0.142177,-0.989841,-0.496368
0.0,0,0.142177,-0.989841,-0.546793
0.0,0,0.142177,-0.989841,-0.546793
0.0,0,0.142177,-0.989841,-0.521633
0.0,0,0.142177,-0.989841,-0.521633
0.0,0,0.142177,-0.989841,-0.521633
0.0,0,0.142177,-0.989841,-0.521633
0.0,0,0.142177,-0.989841,-0.521633
0.0,0,0.142177,-0.989841,-0.521633
0.0,0,0.142177,-0.989841,-0.521633
0.0,0,0.142177,-0.989841,-0.521633
0.0,0,0.142177,-0.989841,-0.521633
0.0,0,0.142177,-0.989841,-0.521633
0.0,0,0.142177,-0.989841,-0.521633
0.0,0,0.142177,-0.989841,-0.496368
0.0,0,0.142177,-0.989841,-0.521633
0.0,0,0.142177,-0.989841,-0.546793
0.0,0,0.142177,-0.989841,-0.546793
0.0,0,0.142177,-0.989841,-0.546793
0.0,0,0.142177,-0.989841,-0.521633
0.0,0,0.142177,-0.989841,-0.521633
0.0,0,0.142177,-0.989841,-0.496368
0.0,0,0.142177,-0.989841,-0.496368
0.0,0,0.142177,-0.989841,-0.521633
0.0,0,0.142177,-0.989841,-0.521633
0.0,0,0.142177,-0.989841,-0.496368
0.0,0,0.142177,-0.989841,-0.521633
0.0,0,0.142177,-0.989841,-0.546793
0.0,0,0.142177,-0.989841,-0.496368
0.0,0,0.142177,-0.989841,-0.496368
0.0,0,0.142177,-0.989841,-0.521633
0.0,0,0.142177,-0.989841,-0.496368
0.0,0,0.142177,-0.989841,-0.521633
0.0,0,0.142177,-0.989841,-0.521633
0.0,0,0.142177,-0.989841,-0.521633
0.0,0,0.142177,-0.989841,-0.521633
0.0,15,0.142177,-0.989841,-0.521633
0.0,15,0.142177,-0.989841,-0.342617
0.575959,15,0.126977,-0.991906,-0.342617
1.73835,15,0.0919091,-0.995767,-0.316635
3.40339,15,0.0398731,-0.999205,-0.316635
5.13127,15,-0.0306748,-0.999529,-0.342617
6.9115,15,-0.119365,-0.99285,-0.290552
8.66032,15,-0.223589,-0.974684,-0.316635
10.5453,15,-0.34698,-0.937872,-0.394277
12.3046,15,-0.476799,-0.879012,-0.445528
13.3832,15,-0.594467,-0.80412,-0.471
14.0848,15,-0.704934,-0.709273,-0.368498
14.399,15,-0.799537,-0.600617,-0.471
14.6608,15,-0.879743,-0.47545,-0.419954
14.755,15,-0.939984,-0.341219,-0.419954
14.8597,15,-0.980182,-0.198098,-0.419954
14.9121,15,-0.998476,-0.0551953,-0.394277
14.9435,15,-0.995334,0.0964904,-0.471
14.9749,15,-0.969657,0.244468,-0.394277
14.9749,15,-0.922109,0.386931,-0.445528
15.0063,15,-0.854558,0.519356,-0.394277
14.9959,15,-0.766154,0.642657,-0.445528
15.0168,15,-0.662416,0.749136,-0.445528
15.0063,15,-0.541462,0.840725,-0.394277
15.0063,15,-0.413638,0.910441,-0.419954
15.0168,15,-0.268191,0.963366,-0.419954
15.0063,15,-0.122411,0.99248,-0.419954
15.0273,15,0.0276081,0.999619,-0.445528
15.0168,15,0.173984,0.984748,-0.419954
15.0273,15,0.322408,0.946601,-0.471
15.0378,15,0.457813,0.889048,-0.368498
15.0168,15,0.589521,0.807753,-0.496368
15.0482,15,0.700569,0.713585,-0.368498
15.0168,15,0.801376,0.598161,-0.471
15.0482,15,0.886223,0.46326,-0.419954
15.0168,15,0.942573,0.334,-0.471
15.0273,15,0.981673,0.190575,-0.445528
15.0168,15,0.999142,0.0414056,-0.419954
15.0168,15,0.993907,-0.110222,-0.471
15.0273,15,0.96619,-0.257831,-0.419954
15.0063,15,0.917901,-0.39681,-0.471
15.0273,15,0.848932,-0.528502,-0.394277
15.0063,15,0.75821,-0.652011,-0.471
15.0168,15,0.652011,-0.75821,-0.445528
15.0063,15,0.532403,-0.846491,-0.394277
15.0063,15,0.399624,-0.916679,-0.445528
15.0168,15,0.259313,-0.965793,-0.394277
15.0063,15,0.110222,-0.993907,-0.471
15.0168,15,-0.0398731,-0.999205,-0.419954
15.0063,15,-0.187562,-0.982253,-0.394277
15.0063,15,-0.334,-0.942573,-0.471
15.0168,15,-0.471397,-0.881921,-0.419954
14.9959,15,-0.598161,-0.801376,-0.471
15.0168,15,-0.708191,-0.706021,-0.368498
14.9854,15,-0.806848,-0.59076,-0.471
15.0273,15,-0.886223,-0.46326,-0.419954
14.9959,15,-0.945107,-0.32676,-0.471
15.0168,15,-0.98421,-0.177004,-0.445528
14.9959,15,-0.999431,-0.0337413,-0.419954
15.0063,15,-0.992291,0.123933,-0.471
15.0063,15,-0.963366,0.268191,-0.394277
14.9854,15,-0.913587,0.406643,-0.471
15.0063,15,-0.843208,0.537587,-0.394277
14.9959,15,-0.755201,0.655493,-0.471
15.0063,15,-0.648514,0.761202,-0.445528
14.9959,15,-0.525895,0.85055,-0.394277
14.9854,15,-0.393992,0.919114,-0.445528
15.0063,15,-0.248928,0.968522,-0.394277
14.9854,15,-0.107172,0.99424,-0.471
15.0063,15,0.0460035,0.998941,-0.419954
14.9854,15,0.192081,0.981379,-0.419954
15.0063,15,0.341219,0.939984,-0.471
15.0063,15,0.4741,0.880471,-0.394277
14.9959,15,0.610383,0.792107,-0.471
15.0168,15,0.713585,0.700569,-0.394277
14.9854,15,0.811355,0.584554,-0.496368
15.0273,15,0.88975,0.456449,-0.419954
14.9854,15,0.947586,0.319502,-0.471
15.0063,15,0.985014,0.172473,-0.445528
14.9959,15,0.99966,0.0260745,-0.419954
14.9959,15,0.991906,-0.126977,-0.471
15.0063,15,0.962121,-0.272622,-0.419954
14.9854,15,0.909806,-0.415035,-0.471
15.0063,15,0.83906,-0.544039,-0.394277
14.9854,15,0.7471,-0.664711,-0.471
14.9959,15,0.641481,-0.767139,-0.445528
14.9854,15,0.520666,-0.85376,-0.419954
14.9854,15,0.385516,-0.922701,-0.445528
14.9959,15,0.24298,-0.970031,-0.419954
14.9854,15,0.0949628,-0.995481,-0.471
15.0063,15,-0.0521319,-0.99864,-0.419954
14.9854,15,-0.201105,-0.97957,-0.445528
14.9959,15,-0.348419,-0.937339,-0.471
14.9959,15,-0.483527,-0.875329,-0.445528
14.9854,15,-0.611598,-0.791169,-0.471
14.9959,15,-0.721066,-0.692866,-0.368498
14.9749,15,-0.825456,-0.564466,-0.471
15.0063,15,-0.8946,-0.446869,-0.368498
14.9749,15,-0.950008,-0.312225,-0.471
14.9959,15,-0.986809,-0.161886,-0.419954
14.9749,15,-0.999905,-0.0138052,-0.445528
14.9854,15,-0.990695,0.136101,-0.471
14.9854,15,-0.960002,0.279993,-0.419954
14.9749,15,-0.905947,0.423391,-0.471
14.9854,15,-0.834018,0.551738,-0.419954
14.9749,15,-0.743008,0.669282,-0.471
14.9854,15,-0.635578,0.772037,-0.445528
14.9749,15,-0.506186,0.862424,-0.394277
14.9749,15,-0.378427,0.925631,-0.445528
14.9854,15,-0.235533,0.971866,-0.394277
14.9749,15,-0.0888535,0.996045,-0.471
14.9959,15,0.0613213,0.998118,-0.419954
14.9749,15,0.210112,0.977677,-0.445528
14.9959,15,0.357031,0.934092,-0.471
14.9959,15,0.488889,0.872346,-0.419954
14.9854,15,0.616441,0.787401,-0.471
14.9959,15,0.725304,0.688429,-0.368498
14.9854,15,0.823721,0.566995,-0.471
15.0168,15,0.897325,0.441371,-0.419954
14.9749,15,0.953306,0.302006,-0.471
15.0063,15,0.987544,0.157343,-0.419954
14.9854,15,0.999942,0.0107372,-0.445528
14.9959,15,0.989841,-0.142177,-0.471
14.9854,15,0.957826,-0.287348,-0.419954
14.9749,15,0.903989,-0.427555,-0.471
14.9959,15,0.829761,-0.558119,-0.394277
14.9749,15,0.736816,-0.676093,-0.471
14.9854,15,0.628446,-0.777853,-0.445528
14.9749,15,0.506187,-0.862424,-0.419954
14.9749,15,0.369892,-0.929075,-0.445528
14.9854,15,0.229565,-0.973293,-0.419954
14.9749,15,0.0781533,-0.996941,-0.471
14.9854,15,-0.0735654,-0.99729,-0.419954
14.9749,15,-0.219102,-0.975702,-0.419954
14.9959,15,-0.361327,-0.932439,-0.419954
14.9749,15,-0.496898,-0.867809,-0.419954
14.9749,15,-0.62126,-0.783604,-0.471
14.9854,15,-0.731609,-0.681724,-0.342617
14.9645,15,-0.823721,-0.566996,-0.471
14.9959,15,-0.900016,-0.435856,-0.394277
14.9645,15,-0.955141,-0.29615,-0.471
14.9959,15,-0.988491,-0.151281,-0.394277
14.9645,15,-0.999971,0.00767069,-0.471
14.9854,15,-0.98895,0.148249,-0.471
14.9749,15,-0.956494,0.291752,-0.419954
14.9749,15,-0.901349,0.433094,-0.471
14.9749,15,-0.828044,0.560663,-0.419954
14.9645,15,-0.733697,0.679476,-0.471
14.9749,15,-0.626056,0.779778,-0.445528
14.9645,15,-0.500884,0.865514,-0.419954
14.9645,15,-0.367039,0.930206,-0.445528
14.9854,15,-0.223588,0.974684,-0.419954
14.9749,15,-0.0766231,0.99706,-0.471
14.9854,15,0.0720354,0.997402,-0.419954
14.9645,15,0.220598,0.975365,-0.471
14.9959,15,0.369892,0.929075,-0.445528
14.9854,15,0.498227,0.867046,-0.419954
14.9854,15,0.623662,0.781695,-0.471
14.9959,15,0.730564,0.682845,-0.394277
14.9749,15,0.825456,0.564466,-0.471
15.0063,15,0.900016,0.435857,-0.394277
14.9749,15,0.954686,0.297615,-0.471
14.9959,15,0.989177,0.14673,-0.419954
14.9749,15,1.0,-6.87457e-07,-0.445528
14.9854,15,0.989176,-0.146732,-0.471
14.9749,15,0.954228,-0.29908,-0.419954
14.9749,15,0.901349,-0.433094,-0.471
14.9854,15,0.824589,-0.565732,-0.394277
14.9645,15,0.733697,-0.679477,-0.496368
14.9749,15,0.622461,-0.782651,-0.419954
14.9645,15,0.492898,-0.870087,-0.445528
14.9749,15,0.361325,-0.93244,-0.445528
14.9854,15,0.219101,-0.975702,-0.419954
14.9749,15,0.0536628,-0.998559,-0.471
14.9854,15,-0.0766245,-0.99706,-0.419954
14.9645,15,-0.228073,-0.973644,-0.471
14.9854,15,-0.368468,-0.92964,-0.445528
14.9645,15,-0.51015,-0.860085,-0.419954
14.9854,15,-0.642657,-0.766154,-0.445528
14.954,15,-0.778817,-0.627251,-0.445528
14.9749,15,-0.842383,-0.53888,-0.471
14.9959,15,-0.904644,-0.426168,-0.368498
14.9645,15,-0.957826,-0.287347,-0.471
14.9854,15,-0.989622,-0.143694,-0.394277
14.9645,15,-0.999989,0.00460248,-0.471
14.9854,15,-0.987784,0.15583,-0.445528
14.9645,15,-0.951435,0.307851,-0.445528
14.9749,15,-0.898,0.439995,-0.445528
14.9645,15,-0.802292,0.596932,-0.419954
14.9645,15,-0.724247,0.689541,-0.471
14.9645,15,-0.615231,0.788347,-0.445528
14.954,15,-0.479494,0.877545,-0.419954
14.9645,15,-0.359894,0.932993,-0.445528
14.9749,15,-0.177004,0.98421,-0.445528
14.9645,15,-0.0689733,0.997618,-0.471
14.9854,15,0.0857982,0.996313,-0.419954
14.9645,15,0.228072,0.973644,-0.471
14.9854,15,0.372742,0.927935,-0.419954
14.9645,15,0.528503,0.848932,-0.445528
14.9749,15,0.633208,0.773982,-0.471
14.9749,0,0.633208,0.773982,-0.471
14.9749,0,0.769104,0.639123,-0.471
14.7445,0,0.907887,0.419216,-0.596798
13.5926,0,0.949528,0.313681,-0.571848
13.5926,0,0.949528,0.313681,-0.571848
9.7913,0,0.989841,0.142175,-0.521633
7.90634,0,0.995907,0.0903808,-0.496368
5.65487,0,0.998719,0.0505981,-0.546793
4.09454,0,0.999378,0.0352735,-0.496368
2.36667,0,0.999699,0.02454,-0.471
1.36136,0,0.999858,0.0168722,-0.496368
0.84823,0,0.999942,0.0107368,-0.471
0.513127,0,0.999971,0.00766994,-0.471
0.314159,0,0.999989,0.00460108,-0.471
0.178024,0,0.999995,0.00306758,-0.496368
0.0837758,0,0.999999,0.00153408,-0.471
0.0418879,0,0.999999,0.00153408,-0.471
0.0,0,0.999999,0.00153408,-0.471
-0.010472,0,0.999999,0.00153408,-0.471
-0.020944,0,0.999999,0.00153408,-0.471
-0.0314159,0,0.999999,0.00153408,-0.496368
-0.0314159,0,0.999999,0.00153408,-0.496368
-0.0314159,0,0.999999,0.00153408,-0.496368
-0.0314159,0,0.999999,0.00153408,-0.496368
-0.0314159,0,0.999999,0.00153408,-0.521633
-0.0314159,0,0.999999,0.00153408,-0.521633
-0.0314159,0,0.999999,0.00153408,-0.521633
-0.0314159,0,0.999999,0.00153408,-0.521633
-0.0314159,0,0.999999,0.00153408,-0.496368
-0.0523599,0,0.999999,0.00153408,-0.521633
-0.0418879,0,0.999995,0.00306758,-0.471
-0.0523599,0,0.999995,0.00306758,-0.496368
-0.0418879,0,0.999995,0.00306758,-0.521633
-0.0314159,0,0.999995,0.00306758,-0.521633
-0.0314159,0,0.999995,0.00306758,-0.521633
-0.0314159,0,0.999995,0.00306758,-0.521633
-0.0523599,0,0.999995,0.00306758,-0.521633
-0.0418879,0,0.999989,0.00460108,-0.496368
-0.0418879,0,0.999989,0.00460108,-0.521633
-0.0418879,0,0.999989,0.00460108,-0.521633
-0.0314159,0,0.999989,0.00460108,-0.521633
-0.0314159,0,0.999989,0.00460108,-0.521633
-0.0314159,0,0.999989,0.00460108,-0.521633
-0.0523599,0,0.999989,0.00460108,-0.546793
-0.0418879,0,0.999981,0.00613456,-0.521633
-0.0418879,0,0.999981,0.00613456,-0.521633
-0.0314159,0,0.999981,0.00613456,-0.521633
-0.0314159,0,0.999981,0.00613456,-0.521633
-0.0314159,0,0.999971,0.00766994,-0.521633
-0.0418879,0,0.999981,0.00613456,-0.521633
-0.0418879,0,0.999971,0.00766994,-0.521633
-0.0314159,0,0.999971,0.00766994,-0.521633
-0.0314159,0,0.999971,0.00766994,-0.521633
-0.0418879,0,0.999958,0.0092034,-0.521633
-0.0314159,0,0.999958,0.0092034,-0.496368
-0.0418879,0,0.999958,0.0092034,-0.521633
-0.0314159,0,0.999958,0.0092034,-0.521633
-0.0314159,0,0.999958,0.0092034,-0.521633
-0.0418879,0,0.999942,0.0107368,-0.496368
-0.0314159,0,0.999942,0.0107368,-0.496368
-0.0418879,0,0.999942,0.0107368,-0.521633
-0.0314159,0,0.999942,0.0107368,-0.521633
-0.020944,0,0.999942,0.0107368,-0.521633
-0.020944,0,0.999925,0.0122702,-0.521633
-0.0418879,0,0.999942,0.0107368,-0.521633
-0.0314159,0,0.999925,0.0122702,-0.521633
-0.0314159,0,0.999925,0.0122702,-0.521633
-0.0314159,0,0.999925,0.0122702,-0.521633
-0.020944,0,0.999925,0.0122702,-0.496368
-0.0418879,0,0.999925,0.0122702,-0.546793
-0.0314159,0,0.999905,0.0138055,-0.521633
-0.0314159,0,0.999905,0.0138055,-0.521633
-0.0314159,0,0.999905,0.0138055,-0.521633
-0.020944,0,0.999905,0.0138055,-0.521633
-0.020944,0,0.999905,0.0138055,-0.521633
-0.020944,0,0.999905,0.0138055,-0.521633
-0.0418879,0,0.999905,0.0138055,-0.546793
-0.0314159,0,0.999882,0.0153389,-0.521633
-0.0314159,0,0.999882,0.0153389,-0.521633
-0.020944,0,0.999882,0.0153389,-0.521633
-0.020944,0,0.999882,0.0153389,-0.521633
-0.020944,0,0.999882,0.0153389,-0.521633
-0.010472,0,0.999882,0.0153389,-0.521633
-0.010472,0,0.999882,0.0153389,-0.496368
-0.0314159,0,0.999882,0.0153389,-0.546793
-0.020944,0,0.999858,0.0168722,-0.496368
-0.0314159,0,0.999858,0.0168722,-0.521633
-0.020944,0,0.999858,0.0168722,-0.521633
-0.020944,0,0.999858,0.0168722,-0.521633
-0.010472,0,0.999858,0.0168722,-0.521633
-0.010472,0,0.999858,0.0168722,-0.521633
-0.010472,0,0.999858,0.0168722,-0.521633
-0.0314159,0,0.999831,0.0184054,-0.546793
-0.020944,0,0.999831,0.0184054,-0.521633
-0.0314159,0,0.999831,0.0184054,-0.521633
-0.020944,0,0.999831,0.0184054,-0.521633
-0.020944,0,0.999831,0.0184054,-0.521633
-0.010472,0,0.999831,0.0184054,-0.521633
-0.010472,0,0.999831,0.0184054,-0.521633
-0.010472,0,0.999831,0.0184054,-0.521633
-0.0314159,0,0.999801,0.0199406,-0.521633
-0.020944,0,0.999801,0.0199406,-0.496368
-0.0314159,0,0.999801,0.0199406,-0.521633
-0.020944,0,0.999801,0.0199406,-0.521633
-0.010472,0,0.999801,0.0199406,-0.521633
-0.010472,0,0.999801,0.0199406,-0.496368
-0.010472,0,0.999801,0.0199406,-0.521633
-0.010472,0,0.999801,0.0199406,-0.521633
-0.010472,0,0.999801,0.0199406,-0.521633
-0.010472,0,0.999801,0.0199406,-0.521633
-0.010472,0,0.999801,0.0199406,-0.521633
-0.020944,0,0.999769,0.0214738,-0.521633
-0.020944,0,0.999769,0.0214738,-0.496368
-0.0314159,0,0.999769,0.0214738,-0.521633
-0.020944,0,0.999769,0.0214738,-0.521633
-0.010472,0,0.999769,0.0214738,-0.521633
-0.010472,0,0.999769,0.0214738,-0.521633
-0.010472,0,0.999769,0.0214738,-0.521633
-0.010472,0,0.999769,0.0214738,-0.521633
-0.010472,0,0.999769,0.0214738,-0.521633
-0.010472,0,0.999769,0.0214738,-0.521633
-0.010472,0,0.999769,0.0214738,-0.521633
0.0,0,0.999769,0.0214738,-0.521633
-0.0314159,0,0.999735,0.0230069,-0.521633
-0.010472,0,0.999735,0.0230069,-0.471
-0.020944,0,0.999735,0.0230069,-0.521633
-0.020944,0,0.999735,0.0230069,-0.521633
-0.010472,0,0.999735,0.0230069,-0.521633
-0.010472,0,0.999735,0.0230069,-0.521633
-0.010472,0,0.999735,0.0230069,-0.521633
0.0,0,0.999735,0.0230069,-0.521633
0.0,0,0.999735,0.0230069,-0.521633
0.0,0,0.999735,0.0230069,-0.521633
0.0,0,0.999735,0.0230069,-0.521633
0.0,0,0.999735,0.0230069,-0.521633
0.0,0,0.999735,0.0230069,-0.521633
0.0,0,0.999735,0.0230069,-0.521633
0.0,0,0.999735,0.0230069,-0.521633
0.0,0,0.999735,0.0230069,-0.496368
-0.020944,0,0.999735,0.0230069,-0.521633
-0.010472,0,0.999699,0.02454,-0.471
-0.020944,0,0.999699,0.02454,-0.521633
-0.010472,0,0.999699,0.02454,-0.521633
-0.010472,0,0.999699,0.02454,-0.521633
-0.010472,0,0.999699,0.02454,-0.521633
0.0,0,0.999699,0.02454,-0.521633
0.0,0,0.999699,0.02454,-0.521633
0.0,0,0.999699,0.02454,-0.521633
0.0,0,0.999699,0.02454,-0.521633
0.0,0,0.999699,0.02454,-0.521633
0.0,0,0.999699,0.02454,-0.521633
0.0,0,0.999699,0.02454,-0.521633
0.0,0,0.999699,0.02454,-0.521633
0.0,0,0.999699,0.02454,-0.521633
0.0,0,0.999699,0.02454,-0.521633
0.0,0,0.999699,0.02454,-0.521633
-0.020944,0,0.999699,0.02454,-0.521633
-0.010472,0,0.99966,0.0260749,-0.496368
-0.020944,0,0.99966,0.0260749,-0.521633
-0.010472,0,0.99966,0.0260749,-0.521633
-0.010472,0,0.99966,0.0260749,-0.521633
0.0,0,0.99966,0.0260749,-0.521633
0.0,0,0.99966,0.0260749,-0.521633
0.0,0,0.99966,0.0260749,-0.521633
0.0,0,0.99966,0.0260749,-0.521633
0.0,0,0.99966,0.0260749,-0.521633
0.0,0,0.99966,0.0260749,-0.521633
0.0,0,0.99966,0.0260749,-0.496368
0.0,0,0.99966,0.0260749,-0.521633
0.0,0,0.99966,0.0260749,-0.521633
0.0,0,0.99966,0.0260749,-0.521633
0.0,0,0.99966,0.0260749,-0.521633
0.0,0,0.99966,0.0260749,-0.521633
0.0,0,0.99966,0.0260749,-0.521633
0.0,0,0.99966,0.0260749,-0.521633
0.0,0,0.99966,0.0260749,-0.521633
0.0,0,0.99966,0.0260749,-0.521633
0.0,0,0.99966,0.0260749,-0.496368
0.0,0,0.99966,0.0260749,-0.521633
0.0,0,0.99966,0.0260749,-0.521633
0.0,0,0.99966,0.0260749,-0.521633
0.0,0,0.99966,0.0260749,-0.471
-0.020944,0,0.99966,0.0260749,-0.521633
-0.010472,0,0.999619,0.0276078,-0.521633
-0.020944,0,0.999619,0.0276078,-0.521633
-0.010472,0,0.999619,0.0276078,-0.521633
0.0,0,0.999619,0.0276078,-0.471
0.0,0,0.999619,0.0276078,-0.496368
0.0,0,0.999619,0.0276078,-0.521633
0.0,0,0.999619,0.0276078,-0.521633
0.0,0,0.999619,0.0276078,-0.521633
0.0,0,0.999619,0.0276078,-0.521633
0.0,0,0.999619,0.0276078,-0.521633
0.0,0,0.999619,0.0276078,-0.521633
0.0,0,0.999619,0.0276078,-0.521633
0.0,0,0.999619,0.0276078,-0.521633
0.0,0,0.999619,0.0276078,-0.521633
0.0,0,0.999619,0.0276078,-0.521633
0.0,0,0.999619,0.0276078,-0.521633
0.0,0,0.999619,0.0276078,-0.521633
0.0,15,0.999619,0.0276078,-0.521633
0.010472,15,0.999619,0.0276078,-0.342617
0.397935,15,0.999858,0.0168722,-0.368498
1.79071,15,0.999769,-0.0214745,-0.368498
3.42434,15,0.99729,-0.0735661,-0.316635
5.24646,15,0.989177,-0.14673,-0.342617
6.80678,15,0.973644,-0.228073,-0.342617
8.53466,15,0.9441,-0.329659,-0.316635
10.5453,15,0.892533,-0.450981,-0.316635
12.1475,15,0.824589,-0.565733,-0.419954
13.3204,15,0.736816,-0.676094,-0.445528
14.001,15,0.633206,-0.773984,-0.394277
14.3675,15,0.518045,-0.855354,-0.394277
14.6084,15,0.384099,-0.923292,-0.445528
14.7655,15,0.244468,-0.969657,-0.394277
14.8388,15,0.0980154,-0.995185,-0.471
14.9226,15,-0.0506014,-0.998719,-0.419954
14.933,15,-0.201105,-0.97957,-0.445528
14.9854,15,-0.34842,-0.937339,-0.445528
14.9854,15,-0.480839,-0.876809,-0.394277
14.9854,15,-0.607951,-0.793975,-0.471
15.0168,15,-0.718938,-0.695074,-0.342617
14.9959,15,-0.814927,-0.579564,-0.471
15.0378,15,-0.891146,-0.453716,-0.419954
14.9959,15,-0.948075,-0.318047,-0.471
15.0273,15,-0.985539,-0.169449,-0.419954
15.0063,15,-0.999735,-0.0230075,-0.445528
15.0168,15,-0.991311,0.13154,-0.471
15.0168,15,-0.96128,0.275572,-0.419954
15.0063,15,-0.907886,0.419218,-0.471
15.0168,15,-0.835706,0.549177,-0.394277
15.0063,15,-0.743008,0.669283,-0.445528
15.0168,15,-0.635577,0.772038,-0.445528
15.0063,15,-0.508829,0.860868,-0.445528
15.0063,15,-0.37274,0.927936,-0.419954
15.0168,15,-0.211611,0.977354,-0.394277
15.0063,15,-0.0842683,0.996443,-0.471
15.0168,15,0.0613223,0.998118,-0.394277
14.9959,15,0.207111,0.978317,-0.419954
15.0168,15,0.352729,0.935725,-0.471
15.0168,15,0.487551,0.873095,-0.394277
15.0063,15,0.61281,0.79023,-0.471
15.0273,15,0.723189,0.690651,-0.342617
15.0063,15,0.819347,0.573298,-0.471
15.0378,15,0.895967,0.44412,-0.419954
15.0063,15,0.952376,0.304927,-0.471
15.0273,15,0.987057,0.16037,-0.419954
14.9959,15,0.999958,0.00920274,-0.445528
15.0168,15,0.990273,-0.13914,-0.471
15.0063,15,0.958266,-0.285878,-0.419954
14.9959,15,0.904644,-0.426168,-0.471
15.0168,15,0.830617,-0.556845,-0.394277
14.9959,15,0.73992,-0.672695,-0.471
15.0063,15,0.629636,-0.77689,-0.419954
14.9959,15,0.508831,-0.860867,-0.419954
15.0063,15,0.368466,-0.929641,-0.445528
15.0063,15,0.229564,-0.973294,-0.419954
14.9959,15,0.0781532,-0.996941,-0.471
15.0168,15,-0.0674448,-0.997723,-0.394277
14.9959,15,-0.216107,-0.97637,-0.419954
15.0063,15,-0.358464,-0.933544,-0.471
14.9959,15,-0.495565,-0.868571,-0.394277
14.9959,15,-0.623662,-0.781694,-0.471
15.0063,15,-0.730564,-0.682844,-0.368498
14.9854,15,-0.823722,-0.566994,-0.471
15.0168,15,-0.900016,-0.435856,-0.394277
14.9854,15,-0.955594,-0.294685,-0.471
15.0063,15,-0.988491,-0.151281,-0.394277
14.9854,15,-0.999995,-0.00306756,-0.445528
14.9959,15,-0.98895,0.148247,-0.471
14.9959,15,-0.956045,0.293219,-0.419954
14.9854,15,-0.902012,0.43171,-0.471
14.9959,15,-0.827183,0.561933,-0.419954
14.9854,15,-0.727413,0.6862,-0.496368
14.9959,15,-0.62246,0.782651,-0.419954
14.9854,15,-0.499556,0.866281,-0.419954
14.9854,15,-0.362756,0.931884,-0.419954
14.9959,15,-0.223588,0.974684,-0.419954
14.9854,15,-0.0705018,0.997512,-0.471
14.9959,15,0.0750941,0.997176,-0.394277
14.9854,15,0.225086,0.974339,-0.419954
15.0063,15,0.368469,0.92964,-0.445528
14.9959,15,0.502214,0.864743,-0.419954
14.9959,15,0.627253,0.778816,-0.471
15.0063,15,0.73474,0.678349,-0.368498
14.9959,15,0.829761,0.558119,-0.471
15.0168,15,0.903332,0.428941,-0.394277
14.9854,15,0.95694,0.290285,-0.471
15.0063,15,0.989622,0.143696,-0.394277
14.9854,15,0.999981,-0.00613854,-0.471
15.0063,15,0.987784,-0.155831,-0.471
14.9959,15,0.954227,-0.299082,-0.419954
14.9854,15,0.897324,-0.441372,-0.471
14.9959,15,0.821977,-0.569521,-0.419954
14.9854,15,0.727412,-0.686201,-0.496368
14.9959,15,0.617647,-0.786456,-0.419954
14.9749,15,0.492898,-0.870087,-0.445528
14.9854,15,0.357032,-0.934092,-0.445528
14.9854,15,0.214609,-0.9767,-0.419954
14.9854,15,0.0643805,-0.997925,-0.471
14.9959,15,-0.0812145,-0.996697,-0.394277
14.9749,15,-0.229568,-0.973293,-0.445528
14.9959,15,-0.372743,-0.927935,-0.445528
14.9749,15,-0.508831,-0.860866,-0.445528
14.9854,15,-0.633207,-0.773983,-0.471
14.9854,15,-0.737854,-0.674961,-0.368498
14.9749,15,-0.832321,-0.554294,-0.471
14.9959,15,-0.904644,-0.426168,-0.394277
14.9645,15,-0.959572,-0.281463,-0.471
14.9959,15,-0.990485,-0.137618,-0.394277
14.9645,15,-0.999942,0.0107402,-0.471
14.9854,15,-0.987301,0.158861,-0.471
14.9749,15,-0.950486,0.310767,-0.445528
14.9854,15,-0.893913,0.448241,-0.419954
14.9854,15,-0.817585,0.575808,-0.394277
14.9749,15,-0.722129,0.691759,-0.471
14.9854,15,-0.604289,0.796765,-0.419954
14.9749,15,-0.490226,0.871595,-0.445528
14.9749,15,-0.352726,0.935727,-0.445528
14.9854,15,-0.210109,0.977678,-0.419954
14.9749,15,-0.064383,0.997925,-0.471
14.9959,15,0.0888555,0.996045,-0.394277
14.9749,15,0.237025,0.971504,-0.471
14.9959,15,0.379848,0.925049,-0.445528
14.9854,15,0.51147,0.859301,-0.445528
14.9854,15,0.636762,0.771061,-0.445528
14.9959,15,0.741981,0.670421,-0.394277
14.9854,15,0.836549,0.547892,-0.471
15.0063,15,0.907242,0.420609,-0.419954
14.9749,15,0.960857,0.277044,-0.471
14.9959,15,0.991108,0.133058,-0.394277
14.9749,15,0.999858,-0.0168749,-0.471
14.9959,15,0.986054,-0.166427,-0.471
14.9749,15,0.949528,-0.313682,-0.445528
14.9749,15,0.893224,-0.449612,-0.445528
14.9854,15,0.815814,-0.578314,-0.419954
14.9749,15,0.7168,-0.697279,-0.496368
14.9854,15,0.609167,-0.793042,-0.419954
14.9645,15,0.483524,-0.875331,-0.471
14.9854,15,0.341219,-0.939984,-0.445528
14.9854,15,0.204107,-0.978949,-0.419954
14.9749,15,0.0551934,-0.998476,-0.471
14.9854,15,-0.0934381,-0.995625,-0.419954
14.9645,15,-0.240005,-0.970772,-0.445528
14.9959,15,-0.382685,-0.923879,-0.445528
14.9749,15,-0.518045,-0.855354,-0.471
14.9854,15,-0.641483,-0.767137,-0.445528
14.9749,15,-0.7471,-0.664711,-0.368498
14.9749,15,-0.839895,-0.542749,-0.471
14.9959,15,-0.909807,-0.415032,-0.419954
14.9645,15,-0.962122,-0.27262,-0.471
14.9959,15,-0.991906,-0.126975,-0.394277
14.9645,15,-0.999769,0.0214759,-0.471
14.9854,15,-0.985277,0.170963,-0.445528
14.9645,15,-0.948561,0.316594,-0.445528
14.9749,15,-0.890449,0.455084,-0.445528
14.9749,15,-0.812251,0.583308,-0.445528
14.9645,15,-0.71787,0.696177,-0.496368
14.9749,15,-0.596931,0.802293,-0.445528
14.9645,15,-0.48084,0.876808,-0.445528
14.9749,15,-0.342659,0.93946,-0.445528
14.9749,15,-0.196593,0.980485,-0.445528
14.9749,15,-0.0521295,0.99864,-0.471
14.9854,15,0.0949661,0.99548,-0.419954
14.9645,15,0.248928,0.968522,-0.445528
14.9959,15,0.388346,0.921514,-0.419954
14.9749,15,0.520667,0.85376,-0.471
14.9854,15,0.645007,0.764177,-0.471
14.9749,15,0.755202,0.655492,-0.419954
14.9854,15,0.841556,0.54017,-0.471
14.9959,15,0.915449,0.402435,-0.394277
14.9749,15,0.962954,0.269666,-0.471
14.9959,15,0.99248,0.122409,-0.394277
14.9645,15,0.999265,-0.0383418,-0.471
14.9959,15,0.983937,-0.178514,-0.471
14.9749,15,0.946601,-0.322408,-0.445528
14.9749,15,0.888345,-0.459177,-0.445528
14.9749,15,0.810457,-0.585798,-0.419954
14.9645,15,0.699473,-0.714659,-0.471
14.9749,15,0.60184,-0.798617,-0.419954
14.9645,15,0.476796,-0.879014,-0.471
14.9749,15,0.338332,-0.941027,-0.445528
14.9749,15,0.196592,-0.980485,-0.445528
14.9749,15,0.0414055,-0.999142,-0.471
14.9854,15,-0.102597,-0.994723,-0.419954
14.9645,15,-0.251898,-0.967754,-0.471
14.9854,15,-0.395405,-0.918507,-0.419954
14.9645,15,-0.527202,-0.84974,-0.471
14.9854,15,-0.646176,-0.763188,-0.445528
14.9749,15,-0.756207,-0.654332,-0.394277
14.9749,15,-0.844033,-0.536291,-0.471
14.9854,15,-0.914211,-0.405239,-0.419954
14.9645,15,-0.964185,-0.265232,-0.471
14.9854,15,-0.993033,-0.117841,-0.394277
14.9645,15,-0.999529,0.0306763,-0.471
14.9854,15,-0.983385,0.181532,-0.445528
14.9645,15,-0.9466,0.322409,-0.445528
14.9749,15,-0.886223,0.46326,-0.419954
14.9645,15,-0.808656,0.588282,-0.419954
14.9645,15,-0.709271,0.704936,-0.496368
14.9645,0,-0.595698,0.803209,-0.419954
14.9435,0,-0.468687,0.883364,-0.671012
14.5037,0,-0.345539,0.938404,-0.571848
12.9748,0,-0.225083,0.97434,-0.546793
11.383,0,-0.15128,0.988491,-0.621642
9.33053,0,-0.076623,0.99706,-0.571848
7.46652,0,-0.0230043,0.999735,-0.596798
5.63392,0,0.0138051,0.999905,-0.571848
3.15206,0,0.0337424,0.999431,-0.445528
2.25147,0,0.0383399,0.999265,-0.445528
1.24617,0,0.0429404,0.999078,-0.471
0.712094,0,0.0460044,0.998941,-0.445528
0.397935,0,0.049068,0.998795,-0.445528
0.20944,0,0.0505996,0.998719,-0.445528
0.115192,0,0.0505996,0.998719,-0.445528
0.0418879,0,0.0521349,0.99864,-0.445528
0.0314159,0,0.0521349,0.99864,-0.445528
0.0,0,0.0521349,0.99864,-0.445528
-0.010472,0,0.0521349,0.99864,-0.445528
-0.020944,0,0.0521349,0.99864,-0.445528
-0.020944,0,0.0521349,0.99864,-0.471
-0.0314159,0,0.0521349,0.99864,-0.471
-0.0314159,0,0.0521349,0.99864,-0.471
-0.0314159,0,0.0521349,0.99864,-0.471
-0.0314159,0,0.0505996,0.998719,-0.445528
-0.0418879,0,0.0505996,0.998719,-0.445528
-0.0523599,0,0.0505996,0.998719,-0.471
-0.0418879,0,0.0505996,0.998719,-0.471
-0.0314159,0,0.0505996,0.998719,-0.471
-0.0314159,0,0.0505996,0.998719,-0.471
-0.0314159,0,0.0505996,0.998719,-0.471
-0.0314159,0,0.0505996,0.998719,-0.471
-0.020944,0,0.0505996,0.998719,-0.471
-0.020944,0,0.0505996,0.998719,-0.471
-0.020944,0,0.049068,0.998795,-0.471
-0.0523599,0,0.0505996,0.998719,-0.471
-0.0418879,0,0.049068,0.998795,-0.471
-0.0418879,0,0.049068,0.998795,-0.471
-0.0314159,0,0.049068,0.998795,-0.471
-0.0314159,0,0.049068,0.998795,-0.471
-0.020944,0,0.049068,0.998795,-0.471
-0.020944,0,0.049068,0.998795,-0.471
-0.020944,0,0.049068,0.998795,-0.471
-0.0418879,0,0.0475362,0.99887,-0.471
-0.0314159,0,0.0475362,0.99887,-0.471
-0.0418879,0,0.0475362,0.99887,-0.471
-0.0314159,0,0.0475362,0.99887,-0.471
-0.0314159,0,0.0475362,0.99887,-0.471
-0.020944,0,0.0475362,0.99887,-0.471
-0.020944,0,0.0475362,0.99887,-0.471
-0.020944,0,0.0460044,0.998941,-0.471
-0.0523599,0,0.0460044,0.998941,-0.471
-0.0418879,0,0.0460044,0.998941,-0.471
-0.0314159,0,0.0460044,0.998941,-0.471
-0.020944,0,0.0460044,0.998941,-0.471
-0.020944,0,0.0460044,0.998941,-0.471
-0.020944,0,0.0460044,0.998941,-0.471
-0.020944,0,0.0444725,0.999011,-0.471
-0.0418879,0,0.0444725,0.999011,-0.471
-0.0418879,0,0.0444725,0.999011,-0.471
-0.0314159,0,0.0444725,0.999011,-0.471
-0.020944,0,0.0444725,0.999011,-0.471
-0.020944,0,0.0444725,0.999011,-0.471
-0.020944,0,0.0444725,0.999011,-0.471
-0.0418879,0,0.0429404,0.999078,-0.471
-0.0418879,0,0.0429404,0.999078,-0.471
-0.0314159,0,0.0429404,0.999078,-0.471
-0.020944,0,0.0429404,0.999078,-0.471
-0.020944,0,0.0429404,0.999078,-0.471
-0.010472,0,0.0429404,0.999078,-0.471
-0.010472,0,0.0429404,0.999078,-0.471
-0.020944,0,0.0414083,0.999142,-0.471
-0.0418879,0,0.0414083,0.999142,-0.471
-0.0314159,0,0.0414083,0.999142,-0.471
-0.020944,0,0.0414083,0.999142,-0.471
-0.020944,0,0.0414083,0.999142,-0.471
-0.010472,0,0.0414083,0.999142,-0.471
-0.010472,0,0.0414083,0.999142,-0.471
-0.010472,0,0.0414083,0.999142,-0.471
-0.010472,0,0.0414083,0.999142,-0.471
-0.010472,0,0.0414083,0.999142,-0.471
-0.0418879,0,0.0414083,0.999142,-0.496368
-0.020944,0,0.039876,0.999205,-0.471
-0.0314159,0,0.039876,0.999205,-0.471
-0.020944,0,0.039876,0.999205,-0.471
-0.010472,0,0.039876,0.999205,-0.471
-0.010472,0,0.039876,0.999205,-0.471
-0.010472,0,0.039876,0.999205,-0.471
-0.010472,0,0.039876,0.999205,-0.471
-0.0314159,0,0.0383399,0.999265,-0.496368
-0.020944,0,0.0383399,0.999265,-0.471
-0.0314159,0,0.0383399,0.999265,-0.471
-0.020944,0,0.0383399,0.999265,-0.471
-0.010472,0,0.0383399,0.999265,-0.471
-0.010472,0,0.0383399,0.999265,-0.471
-0.010472,0,0.0383399,0.999265,-0.471
-0.010472,0,0.0383399,0.999265,-0.471
-0.010472,0,0.0383399,0.999265,-0.471
-0.010472,0,0.0383399,0.999265,-0.496368
-0.010472,0,0.0383399,0.999265,-0.471
-0.010472,0,0.0383399,0.999265,-0.471
-0.010472,0,0.0383399,0.999265,-0.471
-0.010472,0,0.0383399,0.999265,-0.471
-0.0314159,0,0.0383399,0.999265,-0.496368
-0.020944,0,0.0368075,0.999322,-0.471
-0.020944,0,0.0368075,0.999322,-0.471
-0.020944,0,0.0368075,0.999322,-0.471
-0.010472,0,0.0368075,0.999322,-0.471
-0.010472,0,0.0368075,0.999322,-0.471
-0.010472,0,0.0368075,0.999322,-0.471
-0.010472,0,0.0368075,0.999322,-0.471
-0.010472,0,0.0368075,0.999322,-0.471
-0.010472,0,0.0368075,0.999322,-0.471
0.0,0,0.0368075,0.999322,-0.471
0.0,0,0.0368075,0.999322,-0.471
0.0,0,0.0368075,0.999322,-0.471
0.0,0,0.0368075,0.999322,-0.471
-0.020944,0,0.035275,0.999378,-0.471
-0.010472,0,0.035275,0.999378,-0.471
-0.020944,0,0.035275,0.999378,-0.471
-0.020944,0,0.035275,0.999378,-0.471
-0.010472,0,0.035275,0.999378,-0.471
-0.010472,0,0.035275,0.999378,-0.471
-0.010472,0,0.035275,0.999378,-0.471
0.0,0,0.035275,0.999378,-0.471
0.0,0,0.035275,0.999378,-0.471
0.0,0,0.035275,0.999378,-0.471
0.0,0,0.035275,0.999378,-0.496368
0.0,0,0.035275,0.999378,-0.471
0.0,0,0.035275,0.999378,-0.471
0.0,0,0.035275,0.999378,-0.471
0.0,0,0.035275,0.999378,-0.471
0.0,0,0.035275,0.999378,-0.471
0.0,0,0.035275,0.999378,-0.471
0.0,0,0.035275,0.999378,-0.471
0.0,0,0.035275,0.999378,-0.471
0.0,0,0.035275,0.999378,-0.471
0.0,0,0.035275,0.999378,-0.471
0.0,0,0.035275,0.999378,-0.471
0.0,0,0.035275,0.999378,-0.471
-0.010472,0,0.0337424,0.999431,-0.471
-0.010472,0,0.035275,0.999378,-0.471
-0.020944,0,0.0337424,0.999431,-0.471
-0.020944,0,0.0337424,0.999431,-0.471
-0.010472,0,0.0337424,0.999431,-0.471
-0.010472,0,0.0337424,0.999431,-0.471
0.0,0,0.0337424,0.999431,-0.471
0.0,0,0.0337424,0.999431,-0.471
0.0,0,0.0337424,0.999431,-0.471
0.0,0,0.0337424,0.999431,-0.471
0.0,0,0.0337424,0.999431,-0.471
0.0,0,0.0337424,0.999431,-0.471
0.0,0,0.0337424,0.999431,-0.471
0.0,0,0.0337424,0.999431,-0.471
0.0,0,0.0337424,0.999431,-0.471
0.0,0,0.0337424,0.999431,-0.471
0.0,0,0.0337424,0.999431,-0.471
0.0,0,0.0337424,0.999431,-0.471
0.0,0,0.0337424,0.999431,-0.471
0.0,0,0.0337424,0.999431,-0.471
0.0,0,0.0337424,0.999431,-0.471
0.0,0,0.0337424,0.999431,-0.471
0.0,0,0.0337424,0.999431,-0.471
0.0,0,0.0337424,0.999431,-0.471
0.0,0,0.0337424,0.999431,-0.471
0.0,0,0.0337424,0.999431,-0.471
0.0,0,0.0337424,0.999431,-0.471
0.0,0,0.0337424,0.999431,-0.471
0.0,0,0.0337424,0.999431,-0.471
0.0,0,0.0337424,0.999431,-0.471
0.0,0,0.0337424,0.999431,-0.471
0.0,0,0.0337424,0.999431,-0.471
0.0,0,0.0337424,0.999431,-0.471
0.0,0,0.0337424,0.999431,-0.471
0.0,0,0.0337424,0.999431,-0.471
0.0,0,0.0337424,0.999431,-0.471
0.0,0,0.0322097,0.999481,-0.471
-0.010472,0,0.0337424,0.999431,-0.471
-0.020944,0,0.0322097,0.999481,-0.471
-0.020944,0,0.0322097,0.999481,-0.471
-0.010472,0,0.0322097,0.999481,-0.471
0.0,0,0.0322097,0.999481,-0.471
0.0,0,0.0322097,0.999481,-0.471
0.0,0,0.0322097,0.999481,-0.471
0.0,0,0.0322097,0.999481,-0.471
0.0,0,0.0322097,0.999481,-0.471
0.0,0,0.0322097,0.999481,-0.471
0.0,0,0.0322097,0.999481,-0.471
0.0,0,0.0322097,0.999481,-0.471
0.0,0,0.0322097,0.999481,-0.471
0.0,0,0.0322097,0.999481,-0.471
0.0,0,0.0322097,0.999481,-0.471
0.0,0,0.0322097,0.999481,-0.471
0.0,0,0.0322097,0.999481,-0.471
0.0,0,0.0322097,0.999481,-0.471
0.0,0,0.0322097,0.999481,-0.471
0.0,0,0.0322097,0.999481,-0.471
0.0,0,0.0322097,0.999481,-0.471
0.0,0,0.0322097,0.999481,-0.471
0.0,0,0.0322097,0.999481,-0.471
0.0,15,0.0322097,0.999481,-0.471
0.0,15,0.0322097,0.999481,-0.290552
0.471239,15,0.0444725,0.999011,-0.26437
1.94779,15,0.0857977,0.996313,-0.26437
3.61283,15,0.139142,0.990272,-0.290552
5.49779,15,0.216108,0.976369,-0.290552
7.47699,15,0.309311,0.950961,-0.368498
9.33053,15,0.41364,0.91044,-0.238087
11.1422,15,0.529803,0.84812,-0.394277
12.6501,15,0.643833,0.765166,-0.419954
13.5926,15,0.740953,0.671557,-0.342617
14.1791,15,0.833171,0.553015,-0.471
14.5037,15,0.902674,0.430326,-0.368498
14.6712,15,0.957385,0.288813,-0.471
14.8178,15,0.9894,0.145213,-0.368498
14.8597,15,0.999999,-0.00153429,-0.445528
14.933,15,0.988491,-0.151281,-0.445528
14.954,15,0.954685,-0.297619,-0.419954
14.9854,15,0.900015,-0.43586,-0.445528
14.9959,15,0.824588,-0.565734,-0.394277
14.9959,15,0.730561,-0.682847,-0.471
15.0168,15,0.621258,-0.783606,-0.419954
15.0063,15,0.498226,-0.867047,-0.445528
15.0273,15,0.358463,-0.933544,-0.419954
15.0273,15,0.217604,-0.976037,-0.419954
15.0273,15,0.0643804,-0.997925,-0.471
15.0378,15,-0.0827429,-0.996571,-0.368498
15.0168,15,-0.232552,-0.972584,-0.471
15.0378,15,-0.372743,-0.927935,-0.419954
15.0168,15,-0.504865,-0.863198,-0.445528
15.0273,15,-0.640304,-0.768121,-0.445528
15.0273,15,-0.73992,-0.672694,-0.368498
15.0168,15,-0.833172,-0.553014,-0.471
15.0273,15,-0.904644,-0.426168,-0.394277
14.9959,15,-0.958266,-0.285878,-0.471
15.0273,15,-0.990485,-0.137618,-0.394277
14.9959,15,-0.999958,0.0092068,-0.471
15.0168,15,-0.987301,0.158861,-0.419954
15.0063,15,-0.952374,0.304931,-0.419954
15.0063,15,-0.895966,0.444123,-0.445528
15.0063,15,-0.803208,0.595699,-0.419954
15.0063,15,-0.724247,0.689541,-0.471
15.0063,15,-0.61281,0.79023,-0.419954
14.9959,15,-0.486208,0.873843,-0.419954
15.0063,15,-0.352726,0.935727,-0.419954
15.0063,15,-0.207109,0.978318,-0.394277
14.9959,15,-0.0613182,0.998118,-0.445528
15.0063,15,0.0888555,0.996045,-0.394277
14.9959,15,0.235535,0.971866,-0.445528
15.0273,15,0.379848,0.925049,-0.419954
15.0063,15,0.51147,0.859301,-0.445528
15.0168,15,0.639127,0.769102,-0.419954
15.0168,15,0.744036,0.668139,-0.368498
15.0168,15,0.837388,0.546608,-0.471
15.0273,15,0.909169,0.416428,-0.368498
15.0063,15,0.961281,0.27557,-0.471
15.0273,15,0.991512,0.130018,-0.368498
14.9959,15,0.999801,-0.0199414,-0.471
15.0273,15,0.985014,-0.172473,-0.445528
15.0063,15,0.949046,-0.315138,-0.445528
15.0063,15,0.890449,-0.455083,-0.445528
15.0063,15,0.813145,-0.582061,-0.419954
14.9959,15,0.716802,-0.697276,-0.471
15.0063,15,0.596929,-0.802294,-0.419954
14.9854,15,0.474097,-0.880473,-0.445528
15.0063,15,0.339773,-0.940507,-0.445528
15.0063,15,0.196591,-0.980486,-0.471
14.9959,15,0.0460003,-0.998941,-0.471
15.0063,15,-0.102599,-0.994723,-0.419954
14.9854,15,-0.24893,-0.968521,-0.471
15.0168,15,-0.391172,-0.920317,-0.419954
14.9854,15,-0.523285,-0.852158,-0.471
15.0063,15,-0.647347,-0.762196,-0.445528
14.9854,15,-0.756205,-0.654334,-0.419954
14.9854,15,-0.842383,-0.538879,-0.471
15.0063,15,-0.91483,-0.403839,-0.394277
14.9749,15,-0.964184,-0.265234,-0.471
15.0063,15,-0.993212,-0.11632,-0.368498
14.9749,15,-0.999529,0.0306738,-0.471
15.0063,15,-0.983384,0.181537,-0.419954
14.9854,15,-0.946106,0.323858,-0.445528
14.9959,15,-0.88622,0.463264,-0.445528
14.9854,15,-0.80775,0.589525,-0.419954
14.9854,15,-0.70927,0.704937,-0.471
14.9959,15,-0.598157,0.801379,-0.419954
14.9749,15,-0.471393,0.881923,-0.419954
14.9854,15,-0.335442,0.942061,-0.445528
14.9959,15,-0.18756,0.982253,-0.445528
14.9854,15,-0.0414029,0.999143,-0.471
14.9959,15,0.10565,0.994403,-0.394277
14.9749,15,0.253385,0.967366,-0.471
15.0063,15,0.395403,0.918508,-0.419954
14.9854,15,0.528503,0.848931,-0.471
15.0063,15,0.652011,0.75821,-0.445528
14.9959,15,0.755202,0.655492,-0.419954
14.9959,15,0.847306,0.531105,-0.471
15.0063,15,0.914831,0.403838,-0.394277
14.9854,15,0.966586,0.256343,-0.471
15.0063,15,0.993564,0.113272,-0.394277
14.9749,15,0.999265,-0.0383456,-0.471
15.0063,15,0.982252,-0.187567,-0.471
14.9854,15,0.942572,-0.334003,-0.471
14.9959,15,0.88192,-0.4714,-0.445528
14.9854,15,0.802291,-0.596933,-0.445528
14.9854,15,0.706019,-0.708193,-0.471
14.9854,15,0.589519,-0.807754,-0.419954
14.9749,15,0.465974,-0.884799,-0.445528
14.9854,15,0.323858,-0.946106,-0.445528
14.9854,15,0.184545,-0.982824,-0.471
14.9854,15,0.0352721,-0.999378,-0.471
14.9959,15,-0.114797,-0.993389,-0.419954
14.9749,15,-0.263755,-0.96459,-0.471
14.9959,15,-0.403839,-0.91483,-0.419954
14.9749,15,-0.536293,-0.844032,-0.471
14.9959,15,-0.657806,-0.753187,-0.419954
14.9749,15,-0.761202,-0.648515,-0.445528
14.9854,15,-0.850549,-0.525896,-0.471
14.9959,15,-0.917901,-0.396811,-0.419954
14.9749,15,-0.967366,-0.253384,-0.471
14.9959,15,-0.994404,-0.105642,-0.368498
14.9645,15,-0.99901,0.0444757,-0.471
14.9959,15,-0.980182,0.198101,-0.419954
14.9645,15,-0.941025,0.338337,-0.471
14.9854,15,-0.879011,0.476802,-0.419954
14.9749,15,-0.800455,0.599392,-0.445528
14.9749,15,-0.70166,0.712512,-0.471
14.9749,15,-0.588279,0.808658,-0.419954
14.9645,15,-0.460536,0.887641,-0.445528
14.9749,15,-0.320954,0.947095,-0.445528
14.9854,15,-0.177003,0.98421,-0.471
14.9749,15,-0.02914,0.999575,-0.471
14.9854,15,0.117844,0.993032,-0.419954
14.9645,15,0.266714,0.963776,-0.471
14.9959,15,0.409444,0.912335,-0.419954
14.9749,15,0.540171,0.841555,-0.471
14.9959,15,0.661265,0.750152,-0.445528
14.9854,15,0.763188,0.646176,-0.445528
14.9959,15,0.853763,0.520662,-0.471
14.9959,15,0.920318,0.391172,-0.419954
14.9854,15,0.969658,0.244464,-0.471
14.9959,15,0.994724,0.10259,-0.394277
14.9749,15,0.998795,-0.0490725,-0.471
14.9959,15,0.980484,-0.196599,-0.445528
14.9749,15,0.939982,-0.341223,-0.445528
14.9854,15,0.878278,-0.47815,-0.419954
14.9749,15,0.795835,-0.605513,-0.445528
14.9749,15,0.697276,-0.716803,-0.471
14.9749,15,0.583307,-0.812252,-0.419954
14.9645,15,0.455082,-0.89045,-0.445528
14.9854,15,0.318046,-0.948075,-0.445528
14.9749,15,0.172472,-0.985014,-0.471
14.9749,15,0.0245398,-0.999699,-0.471
14.9854,15,-0.126977,-0.991906,-0.445528
14.9645,15,-0.272622,-0.962121,-0.471
14.9959,15,-0.413638,-0.910441,-0.419954
14.9645,15,-0.542751,-0.839894,-0.471
14.9854,15,-0.66471,-0.747101,-0.419954
14.9645,15,-0.767138,-0.641482,-0.445528
14.9854,15,-0.85615,-0.516727,-0.471
14.9854,15,-0.922108,-0.386932,-0.419954
14.9645,15,-0.970033,-0.242975,-0.471
14.9854,15,-0.995626,-0.0934321,-0.394277
14.9645,15,-0.998475,0.0551994,-0.471
14.9854,15,-0.978317,0.207114,-0.445528
14.9645,15,-0.938402,0.345545,-0.471
14.9749,15,-0.876807,0.480843,-0.419954
14.9645,15,-0.793974,0.607952,-0.445528
14.9645,15,-0.695073,0.718939,-0.471
14.9645,15,-0.580812,0.814038,-0.445528
14.9645,15,-0.453715,0.891147,-0.419954
14.9749,15,-0.315136,0.949047,-0.445528
14.9749,15,-0.17096,0.985278,-0.445528
14.9749,15,-0.0184059,0.999831,-0.471
14.9854,15,0.13002,0.991511,-0.419954
14.9645,15,0.277046,0.960857,-0.471
14.9959,15,0.417823,0.908528,-0.419954
14.9645,15,0.545325,0.838224,-0.471
14.9854,15,0.665856,0.74608,-0.445528
14.9749,15,0.770082,0.637945,-0.445528
14.9959,15,0.857732,0.514098,-0.471
14.9959,15,0.923882,0.382678,-0.394277
14.9749,15,0.971505,0.237019,-0.471
14.9854,15,0.995908,0.0903768,-0.394277
14.9645,15,0.998211,-0.0597936,-0.471
14.9959,15,0.977998,-0.208615,-0.445528
14.9645,15,0.935183,-0.354166,-0.471
14.9854,15,0.873094,-0.487553,-0.419954
14.9749,15,0.791168,-0.611599,-0.445528
14.9749,15,0.689539,-0.724248,-0.471
14.9749,15,0.575806,-0.817586,-0.445528
14.9645,15,0.448239,-0.893914,-0.445528
14.9749,15,0.307848,-0.951435,-0.445528
14.9749,15,0.163399,-0.98656,-0.471
14.9749,15,0.0122714,-0.999925,-0.471
14.9749,15,-0.133062,-0.991108,-0.419954
14.9645,15,-0.281465,-0.959571,-0.471
14.9854,15,-0.42339,-0.905948,-0.445528
14.954,15,-0.553016,-0.833171,-0.471
14.9854,15,-0.670421,-0.741981,-0.419954
14.9645,15,-0.77301,-0.634394,-0.445528
14.9854,0,-0.86087,-0.508826,-0.471
14.9645,0,-0.927937,-0.372737,-0.596798
14.4827,0,-0.970031,-0.24298,-0.571848
13.0167,0,-0.991108,-0.133057,-0.546793
11.1841,0,-0.998719,-0.0505986,-0.521633
9.15251,0,-0.999769,0.0214759,-0.571848
7.33038,0,-0.99729,0.0735656,-0.571848
5.44543,0,-0.994404,0.105646,-0.571848
3.55,0,-0.99285,0.119367,-0.471
2.02109,0,-0.992099,0.125455,-0.445528
1.11003,0,-0.99131,0.131546,-0.471
0.63879,0,-0.990902,0.134586,-0.471
0.376991,0,-0.990485,0.137624,-0.471
0.20944,0,-0.990272,0.139143,-0.445528
0.10472,0,-0.990272,0.139143,-0.445528
0.0523599,0,-0.990058,0.140661,-0.445528
0.010472,0,-0.990058,0.140661,-0.445528
0.0,0,-0.990058,0.140661,-0.445528
-0.020944,0,-0.990058,0.140661,-0.445528
-0.020944,0,-0.990058,0.140661,-0.471
-0.0314159,0,-0.990058,0.140661,-0.471
-0.0314159,0,-0.990058,0.140661,-0.471
-0.0314159,0,-0.990058,0.140661,-0.471
-0.0314159,0,-0.990058,0.140661,-0.471
-0.0314159,0,-0.990058,0.140661,-0.471
-0.0314159,0,-0.990058,0.140661,-0.471
-0.0314159,0,-0.990272,0.139143,-0.471
-0.0418879,0,-0.990058,0.140661,-0.471
-0.0523599,0,-0.990272,0.139143,-0.471
-0.0418879,0,-0.990272,0.139143,-0.471
-0.0418879,0,-0.990272,0.139143,-0.471
-0.0314159,0,-0.990272,0.139143,-0.471
-0.0314159,0,-0.990272,0.139143,-0.471
-0.0314159,0,-0.990272,0.139143,-0.471
-0.0314159,0,-0.990272,0.139143,-0.471
-0.0314159,0,-0.990272,0.139143,-0.471
-0.0314159,0,-0.990485,0.137624,-0.471
-0.0418879,0,-0.990485,0.137624,-0.471
-0.0418879,0,-0.990485,0.137624,-0.471
-0.0418879,0,-0.990485,0.137624,-0.471
-0.0314159,0,-0.990485,0.137624,-0.471
-0.0314159,0,-0.990485,0.137624,-0.471
-0.020944,0,-0.990485,0.137624,-0.471
-0.020944,0,-0.990485,0.137624,-0.471
-0.020944,0,-0.990485,0.137624,-0.471
-0.0314159,0,-0.990694,0.136105,-0.471
-0.0418879,0,-0.990485,0.137624,-0.471
-0.0418879,0,-0.990694,0.136105,-0.471
-0.0418879,0,-0.990694,0.136105,-0.496368
-0.0314159,0,-0.990694,0.136105,-0.471
-0.020944,0,-0.990694,0.136105,-0.496368
-0.020944,0,-0.990694,0.136105,-0.496368
-0.020944,0,-0.990694,0.136105,-0.471
-0.020944,0,-0.990902,0.134586,-0.471
-0.0418879,0,-0.990694,0.136105,-0.471
-0.0418879,0,-0.990902,0.134586,-0.496368
-0.0314159,0,-0.990902,0.134586,-0.471
-0.0314159,0,-0.990902,0.134586,-0.471
-0.020944,0,-0.990902,0.134586,-0.496368
-0.020944,0,-0.991107,0.133066,-0.471
-0.0418879,0,-0.990902,0.134586,-0.521633
-0.0314159,0,-0.991107,0.133066,-0.471
-0.0314159,0,-0.991107,0.133066,-0.496368
-0.0314159,0,-0.991107,0.133066,-0.471
-0.020944,0,-0.991107,0.133066,-0.471
-0.020944,0,-0.99131,0.131546,-0.471
-0.0314159,0,-0.991107,0.133066,-0.471
-0.0314159,0,-0.99131,0.131546,-0.471
-0.0314159,0,-0.99131,0.131546,-0.471
-0.020944,0,-0.99131,0.131546,-0.471
-0.020944,0,-0.99131,0.131546,-0.471
-0.020944,0,-0.99131,0.131546,-0.471
-0.010472,0,-0.99131,0.131546,-0.471
-0.0314159,0,-0.991512,0.130018,-0.496368
-0.020944,0,-0.991512,0.130018,-0.471
-0.0314159,0,-0.991512,0.130018,-0.471
-0.0314159,0,-0.991512,0.130018,-0.471
-0.020944,0,-0.991512,0.130018,-0.496368
-0.020944,0,-0.991512,0.130018,-0.471
-0.010472,0,-0.991512,0.130018,-0.471
-0.010472,0,-0.991512,0.130018,-0.471
-0.010472,0,-0.991512,0.130018,-0.496368
-0.020944,0,-0.99171,0.128497,-0.471
-0.0314159,0,-0.991512,0.130018,-0.471
-0.0314159,0,-0.99171,0.128497,-0.471
-0.0314159,0,-0.99171,0.128497,-0.471
-0.020944,0,-0.99171,0.128497,-0.471
-0.010472,0,-0.99171,0.128497,-0.471
-0.010472,0,-0.99171,0.128497,-0.496368
-0.010472,0,-0.99171,0.128497,-0.471
-0.020944,0,-0.991906,0.126976,-0.471
-0.020944,0,-0.991906,0.126976,-0.471
-0.0314159,0,-0.991906,0.126976,-0.471
-0.020944,0,-0.991906,0.126976,-0.471
-0.020944,0,-0.991906,0.126976,-0.471
-0.010472,0,-0.991906,0.126976,-0.471
-0.010472,0,-0.991906,0.126976,-0.471
-0.010472,0,-0.991906,0.126976,-0.471
-0.010472,0,-0.991906,0.126976,-0.471
-0.010472,0,-0.991906,0.126976,-0.496368
-0.010472,0,-0.992099,0.125455,-0.471
-0.0314159,0,-0.991906,0.126976,-0.471
-0.0314159,0,-0.992099,0.125455,-0.496368
-0.020944,0,-0.992099,0.125455,-0.471
-0.020944,0,-0.992099,0.125455,-0.471
-0.010472,0,-0.992099,0.125455,-0.496368
-0.010472,0,-0.992099,0.125455,-0.471
-0.010472,0,-0.992099,0.125455,-0.496368
-0.010472,0,-0.992099,0.125455,-0.471
-0.010472,0,-0.992099,0.125455,-0.471
-0.010472,0,-0.992099,0.125455,-0.496368
-0.010472,0,-0.992099,0.125455,-0.471
-0.010472,0,-0.992099,0.125455,-0.496368
-0.010472,0,-0.992099,0.125455,-0.471
-0.0314159,0,-0.992099,0.125455,-0.496368
-0.020944,0,-0.99229,0.123934,-0.471
-0.020944,0,-0.99229,0.123934,-0.471
-0.020944,0,-0.99229,0.123934,-0.471
-0.010472,0,-0.99229,0.123934,-0.471
-0.010472,0,-0.99229,0.123934,-0.496368
-0.010472,0,-0.99229,0.123934,-0.471
-0.010472,0,-0.99229,0.123934,-0.471
0.0,0,-0.99229,0.123934,-0.471
0.0,0,-0.99229,0.123934,-0.496368
0.0,0,-0.99229,0.123934,-0.496368
0.0,0,-0.99229,0.123934,-0.471
0.0,0,-0.99229,0.123934,-0.496368
0.0,0,-0.99229,0.123934,-0.471
-0.020944,0,-0.99229,0.123934,-0.496368
-0.020944,0,-0.992479,0.122412,-0.471
-0.020944,0,-0.992479,0.122412,-0.471
-0.010472,0,-0.992479,0.122412,-0.496368
-0.010472,0,-0.992479,0.122412,-0.471
-0.010472,0,-0.992479,0.122412,-0.471
0.0,0,-0.992479,0.122412,-0.496368
0.0,0,-0.992479,0.122412,-0.471
0.0,0,-0.992479,0.122412,-0.471
0.0,0,-0.992479,0.122412,-0.496368
0.0,0,-0.992479,0.122412,-0.471
0.0,0,-0.992479,0.122412,-0.471
0.0,0,-0.992479,0.122412,-0.471
0.0,0,-0.992479,0.122412,-0.471
0.0,0,-0.992479,0.122412,-0.471
0.0,0,-0.992479,0.122412,-0.496368
0.0,0,-0.992479,0.122412,-0.471
0.0,0,-0.992479,0.122412,-0.471
0.0,0,-0.992479,0.122412,-0.471
0.0,0,-0.992479,0.122412,-0.471
0.0,0,-0.992479,0.122412,-0.471
0.0,0,-0.992479,0.122412,-0.471
-0.020944,0,-0.992479,0.122412,-0.496368
-0.010472,0,-0.992666,0.12089,-0.471
-0.020944,0,-0.992666,0.12089,-0.471
-0.010472,0,-0.992666,0.12089,-0.496368
-0.010472,0,-0.992666,0.12089,-0.471
0.0,0,-0.992666,0.12089,-0.496368
0.0,0,-0.992666,0.12089,-0.471
0.0,0,-0.992666,0.12089,-0.471
0.0,0,-0.992666,0.12089,-0.471
0.0,0,-0.992666,0.12089,-0.471
0.0,0,-0.992666,0.12089,-0.471
0.0,0,-0.992666,0.12089,-0.496368
0.0,0,-0.992666,0.12089,-0.471
0.0,0,-0.992666,0.12089,-0.471
0.0,0,-0.992666,0.12089,-0.496368
0.0,0,-0.992666,0.12089,-0.471
0.0,0,-0.992666,0.12089,-0.496368
0.0,0,-0.992666,0.12089,-0.471
0.0,0,-0.992666,0.12089,-0.471
0.0,0,-0.992666,0.12089,-0.471
0.0,0,-0.992666,0.12089,-0.471
0.0,0,-0.992666,0.12089,-0.471
0.0,0,-0.992666,0.12089,-0.471
0.0,0,-0.992666,0.12089,-0.496368
0.0,0,-0.992666,0.12089,-0.496368
0.0,0,-0.992666,0.12089,-0.471
0.0,0,-0.992666,0.12089,-0.496368
0.0,0,-0.992666,0.12089,-0.471
0.0,0,-0.992666,0.12089,-0.471
0.0,0,-0.992666,0.12089,-0.471
0.0,0,-0.992666,0.12089,-0.471
-0.020944,0,-0.992666,0.12089,-0.471
-0.010472,0,-0.99285,0.119367,-0.471
-0.020944,0,-0.99285,0.119367,-0.471
-0.010472,0,-0.99285,0.119367,-0.471
0.0,0,-0.99285,0.119367,-0.471
0.0,0,-0.99285,0.119367,-0.471
0.0,0,-0.99285,0.119367,-0.471
0.0,0,-0.99285,0.119367,-0.471
0.0,0,-0.99285,0.119367,-0.471
0.0,0,-0.99285,0.119367,-0.471
0.0,0,-0.99285,0.119367,-0.471
0.0,0,-0.99285,0.119367,-0.471
0.0,0,-0.99285,0.119367,-0.471
0.0,0,-0.99285,0.119367,-0.496368
0.0,0,-0.99285,0.119367,-0.471
0.0,0,-0.99285,0.119367,-0.471
0.0,0,-0.99285,0.119367,-0.471
0.0,0,-0.99285,0.119367,-0.471
0.0,0,-0.99285,0.119367,-0.471
0.0,15,-0.99285,0.119367,-0.471
0.0,15,-0.99285,0.119367,-0.26437
0.397935,15,-0.99131,0.131546,-0.290552
1.87448,15,-0.985277,0.170963,-0.342617
3.69661,15,-0.973292,0.229571,-0.290552
5.64439,15,-0.95284,0.303473,-0.290552
7.51888,15,-0.919112,0.393997,-0.316635
9.32006,15,-0.869329,0.494234,-0.290552
11.1003,15,-0.799537,0.600617,-0.394277
12.6606,15,-0.704933,0.709274,-0.445528
13.6136,15,-0.600612,0.799541,-0.394277
14.1686,15,-0.476794,0.879015,-0.419954
14.4932,15,-0.34698,0.937872,-0.394277
14.6712,15,-0.20561,0.978634,-0.342617
14.7864,15,-0.0536646,0.998559,-0.419954
14.8702,15,0.0888543,0.996045,-0.368498
14.9121,15,0.240002,0.970772,-0.471
14.9854,15,0.381265,0.924466,-0.419954
14.9749,15,0.515417,0.85694,-0.419954
15.0168,15,0.639129,0.7691,-0.445528
15.0168,15,0.744038,0.668137,-0.394277
15.0273,15,0.83739,0.546606,-0.471
15.0378,15,0.90917,0.416425,-0.419954
15.0168,15,0.962122,0.272618,-0.471
15.0378,15,0.991906,0.126974,-0.394277
15.0168,15,0.999769,-0.0214772,-0.471
15.0482,15,0.984748,-0.173986,-0.445528
15.0168,15,0.948561,-0.316595,-0.445528
15.0273,15,0.889048,-0.457814,-0.445528
15.0273,15,0.81225,-0.583309,-0.394277
15.0168,15,0.71573,-0.698377,-0.445528
15.0273,15,0.603067,-0.797691,-0.419954
15.0063,15,0.4768,-0.879012,-0.471
15.0273,15,0.332549,-0.943086,-0.445528
15.0273,15,0.195084,-0.980786,-0.445528
15.0168,15,0.0459977,-0.998942,-0.471
15.0273,15,-0.105652,-0.994403,-0.394277
15.0063,15,-0.251902,-0.967753,-0.471
15.0273,15,-0.393996,-0.919112,-0.419954
15.0063,15,-0.523287,-0.852156,-0.445528
15.0168,15,-0.646179,-0.763186,-0.445528
15.0063,15,-0.753189,-0.657804,-0.394277
15.0063,15,-0.844033,-0.536291,-0.471
15.0168,15,-0.914831,-0.403837,-0.394277
14.9959,15,-0.964185,-0.265232,-0.471
15.0168,15,-0.993212,-0.116317,-0.368498
14.9959,15,-0.999529,0.0306764,-0.471
15.0168,15,-0.982539,0.186054,-0.445528
14.9959,15,-0.945607,0.325311,-0.445528
15.0063,15,-0.884798,0.465976,-0.419954
15.0063,15,-0.806848,0.590759,-0.419954
15.0063,15,-0.709274,0.704933,-0.445528
15.0063,15,-0.595694,0.803211,-0.419954
14.9959,15,-0.468684,0.883366,-0.445528
15.0063,15,-0.331102,0.943595,-0.419954
15.0063,15,-0.186051,0.98254,-0.419954
14.9959,15,-0.0368033,0.999323,-0.445528
15.0063,15,0.111751,0.993736,-0.419954
14.9959,15,0.259316,0.965792,-0.445528
15.0273,15,0.401033,0.916064,-0.419954
14.9959,15,0.534999,0.844853,-0.471
15.0168,15,0.653175,0.757207,-0.445528
15.0063,15,0.760207,0.64968,-0.445528
15.0168,15,0.849742,0.527199,-0.471
15.0168,15,0.917291,0.398217,-0.419954
14.9959,15,0.967366,0.253382,-0.471
15.0168,15,0.99424,0.107173,-0.394277
14.9959,15,0.99901,-0.044477,-0.471
15.0168,15,0.981378,-0.192086,-0.445528
14.9959,15,0.942058,-0.335451,-0.445528
15.0063,15,0.881194,-0.472754,-0.419954
14.9959,15,0.802289,-0.596936,-0.445528
14.9959,15,0.702751,-0.711436,-0.471
14.9959,15,0.574554,-0.818467,-0.445528
14.9854,15,0.457811,-0.88905,-0.445528
14.9959,15,0.320952,-0.947095,-0.445528
14.9959,15,0.180019,-0.983663,-0.471
14.9959,15,0.0291386,-0.999575,-0.445528
14.9959,15,-0.119368,-0.99285,-0.419954
14.9854,15,-0.265237,-0.964183,-0.445528
15.0063,15,-0.408046,-0.912961,-0.419954
14.9854,15,-0.538881,-0.842382,-0.471
15.0063,15,-0.658962,-0.752176,-0.419954
14.9854,15,-0.764179,-0.645004,-0.419954
14.9959,15,-0.854561,-0.519351,-0.471
14.9959,15,-0.921514,-0.388346,-0.419954
14.9854,15,-0.968903,-0.247443,-0.471
14.9959,15,-0.994879,-0.101071,-0.368498
14.9749,15,-0.998795,0.0490738,-0.471
15.0063,15,-0.979876,0.199607,-0.419954
14.9749,15,-0.940504,0.339783,-0.445528
14.9959,15,-0.877543,0.479498,-0.394277
14.9854,15,-0.797688,0.603071,-0.445528
14.9854,15,-0.695073,0.718939,-0.445528
14.9854,15,-0.582059,0.813146,-0.419954
14.9749,15,-0.455081,0.89045,-0.471
14.9854,15,-0.316591,0.948562,-0.445528
14.9854,15,-0.17096,0.985278,-0.471
14.9854,15,-0.0230054,0.999735,-0.471
14.9959,15,0.125457,0.992099,-0.445528
14.9749,15,0.274098,0.961702,-0.471
15.0063,15,0.413639,0.910441,-0.419954
14.9749,15,0.54661,0.837387,-0.471
15.0063,15,0.664711,0.747101,-0.419954
14.9854,15,0.769103,0.639125,-0.419954
15.0063,15,0.856942,0.515413,-0.471
15.0063,15,0.923294,0.384094,-0.419954
14.9854,15,0.970404,0.241486,-0.471
14.9959,15,0.995768,0.0919039,-0.419954
14.9749,15,0.998475,-0.0552007,-0.471
15.0063,15,0.978947,-0.204114,-0.419954
14.9749,15,0.938402,-0.345546,-0.471
14.9959,15,0.874585,-0.484873,-0.445528
14.9854,15,0.79304,-0.60917,-0.445528
14.9854,15,0.692864,-0.721069,-0.471
14.9854,15,0.579561,-0.814929,-0.419954
14.9749,15,0.444121,-0.895967,-0.445528
14.9854,15,0.312222,-0.950009,-0.445528
14.9854,15,0.169447,-0.985539,-0.471
14.9854,15,0.0107379,-0.999942,-0.471
14.9854,15,-0.133062,-0.991108,-0.394277
14.9749,15,-0.281465,-0.959571,-0.471
14.9959,15,-0.419217,-0.907886,-0.419954
14.9645,15,-0.549177,-0.835706,-0.471
14.9959,15,-0.669282,-0.743008,-0.419954
14.9645,15,-0.774957,-0.632014,-0.445528
14.9854,15,-0.857728,-0.514103,-0.471
14.9854,15,-0.924465,-0.381266,-0.419954
14.9749,15,-0.971868,-0.235528,-0.471
14.9854,15,-0.99618,-0.0873206,-0.394277
14.9645,15,-0.998023,0.0628562,-0.471
14.9854,15,-0.977353,0.211615,-0.445528
14.9645,15,-0.935182,0.354167,-0.471
14.9854,15,-0.873093,0.487554,-0.394277
14.9749,15,-0.789287,0.614024,-0.445528
14.9749,15,-0.690648,0.723191,-0.471
14.9749,15,-0.572038,0.820227,-0.445528
14.9645,15,-0.445494,0.895285,-0.471
14.9749,15,-0.307847,0.951436,-0.445528
14.9749,15,-0.161884,0.98681,-0.445528
14.9854,15,-0.01227,0.999925,-0.471
14.9854,15,0.137621,0.990485,-0.419954
14.9749,15,0.279994,0.960002,-0.471
14.9959,15,0.427561,0.903986,-0.419954
14.9645,15,0.558124,0.829758,-0.471
14.9959,15,0.674966,0.737849,-0.445528
14.9749,15,0.774953,0.632019,-0.445528
14.9959,15,0.863202,0.504859,-0.471
14.9959,15,0.927937,0.372736,-0.419954
14.9854,15,0.973994,0.226574,-0.471
14.9854,15,0.996697,0.0812071,-0.394277
14.9749,15,0.997618,-0.0689781,-0.471
14.9959,15,0.976699,-0.214613,-0.419954
14.9749,15,0.934637,-0.355602,-0.471
14.9854,15,0.868569,-0.495568,-0.419954
14.9749,15,0.786453,-0.61765,-0.445528
14.9749,15,0.685082,-0.728466,-0.471
14.9749,15,0.564466,-0.825457,-0.419954
14.9645,15,0.439992,-0.898001,-0.445528
14.9854,15,0.299079,-0.954228,-0.445528
14.9749,15,0.155827,-0.987784,-0.445528
14.9854,15,0.00613499,-0.999981,-0.445528
14.9749,15,-0.142178,-0.989841,-0.419954
14.9749,15,-0.293225,-0.956043,-0.471
14.9854,15,-0.428941,-0.903332,-0.445528
14.9645,15,-0.561936,-0.827181,-0.471
14.9854,15,-0.676098,-0.736812,-0.445528
14.954,15,-0.779781,-0.626052,-0.445528
14.9854,15,-0.863203,-0.504858,-0.471
14.9749,15,-0.929643,-0.368462,-0.419954
14.9749,15,-0.97434,-0.225079,-0.445528
14.9854,15,-0.996821,-0.0796773,-0.394277
14.9645,15,-0.997511,0.0705092,-0.471
14.9854,15,-0.968902,0.247444,-0.394277
14.9645,15,-0.931326,0.364188,-0.471
14.9854,15,-0.867808,0.4969,-0.419954
14.9645,15,-0.783603,0.621262,-0.445528
14.9645,15,-0.682843,0.730565,-0.471
14.9645,15,-0.56573,0.824591,-0.445528
14.954,15,-0.435855,0.900017,-0.445528
14.9749,15,-0.297614,0.954686,-0.445528
14.9749,15,-0.149764,0.988722,-0.445528
14.9749,15,-0.00153322,0.999999,-0.471
14.9749,15,0.146731,0.989176,-0.394277
14.9645,15,0.291753,0.956494,-0.471
14.9959,15,0.435863,0.900013,-0.419954
14.9645,15,0.560662,0.828045,-0.471
14.9959,15,0.680606,0.73265,-0.445528
14.9749,15,0.780741,0.624854,-0.471
14.9959,15,0.867049,0.498223,-0.471
14.9854,15,0.931329,0.36418,-0.419954
14.9854,15,0.975026,0.222089,-0.471
14.9854,15,0.997291,0.07356,-0.394277
14.9749,15,0.996941,-0.0781568,-0.496368
14.9959,15,0.974339,-0.225087,-0.419954
14.9645,15,0.92964,-0.36847,-0.471
14.9854,15,0.864743,-0.502215,-0.419954
14.9645,15,0.779776,-0.626058,-0.445528
14.9749,15,0.677221,-0.73578,-0.471
14.9645,15,0.56066,-0.828046,-0.419954
14.9645,0,0.430325,-0.902674,-0.445528
14.9749,0,0.277042,-0.960858,-0.646381
14.4827,0,0.155824,-0.987785,-0.671012
13.0481,0,0.0429387,-0.999078,-0.596798
11.1945,0,-0.0444739,-0.999011,-0.571848
9.15251,0,-0.113276,-0.993564,-0.521633
7.20472,0,-0.160378,-0.987056,-0.546793
5.14174,0,-0.196596,-0.980485,-0.571848
3.31962,0,-0.214612,-0.976699,-0.471
1.98968,0,-0.220599,-0.975365,-0.445528
1.19381,0,-0.225084,-0.974339,-0.471
0.680678,0,-0.228079,-0.973643,-0.445528
0.387463,0,-0.231064,-0.972939,-0.471
0.20944,0,-0.232556,-0.972583,-0.471
0.115192,0,-0.232556,-0.972583,-0.419954
0.0418879,0,-0.232556,-0.972583,-0.471
0.020944,0,-0.232556,-0.972583,-0.445528
0.0,0,-0.234047,-0.972225,-0.471
0.0,0,-0.234047,-0.972225,-0.471
-0.010472,0,-0.234047,-0.972225,-0.445528
-0.020944,0,-0.234047,-0.972225,-0.471
-0.020944,0,-0.234047,-0.972225,-0.445528
-0.0314159,0,-0.234047,-0.972225,-0.471
-0.0314159,0,-0.234047,-0.972225,-0.445528
-0.0314159,0,-0.232556,-0.972583,-0.471
-0.0418879,0,-0.234047,-0.972225,-0.471
-0.0418879,0,-0.232556,-0.972583,-0.471
-0.0418879,0,-0.232556,-0.972583,-0.471
-0.0418879,0,-0.232556,-0.972583,-0.471
-0.0314159,0,-0.232556,-0.972583,-0.471
-0.0314159,0,-0.232556,-0.972583,-0.471
-0.0314159,0,-0.232556,-0.972583,-0.471
-0.020944,0,-0.232556,-0.972583,-0.471
-0.020944,0,-0.232556,-0.972583,-0.471
-0.0314159,0,-0.231064,-0.972939,-0.471
-0.0418879,0,-0.232556,-0.972583,-0.471
-0.0418879,0,-0.231064,-0.972939,-0.471
-0.0418879,0,-0.231064,-0.972939,-0.471
-0.0314159,0,-0.231064,-0.972939,-0.471
-0.0314159,0,-0.231064,-0.972939,-0.471
-0.020944,0,-0.231064,-0.972939,-0.471
-0.020944,0,-0.231064,-0.972939,-0.471
-0.020944,0,-0.231064,-0.972939,-0.471
-0.020944,0,-0.231064,-0.972939,-0.471
-0.020944,0,-0.231064,-0.972939,-0.471
-0.020944,0,-0.231064,-0.972939,-0.471
-0.0418879,0,-0.229572,-0.973292,-0.471
-0.0314159,0,-0.229572,-0.973292,-0.471
-0.0418879,0,-0.229572,-0.973292,-0.471
-0.0314159,0,-0.229572,-0.973292,-0.471
-0.020944,0,-0.229572,-0.973292,-0.471
-0.020944,0,-0.229572,-0.973292,-0.471
-0.020944,0,-0.229572,-0.973292,-0.496368
-0.020944,0,-0.229572,-0.973292,-0.471
-0.020944,0,-0.229572,-0.973292,-0.471
-0.0418879,0,-0.229572,-0.973292,-0.496368
-0.0314159,0,-0.228079,-0.973643,-0.496368
-0.0314159,0,-0.228079,-0.973643,-0.496368
-0.0314159,0,-0.228079,-0.973643,-0.496368
-0.020944,0,-0.228079,-0.973643,-0.521633
-0.020944,0,-0.228079,-0.973643,-0.496368
-0.020944,0,-0.228079,-0.973643,-0.496368
-0.020944,0,-0.228079,-0.973643,-0.496368
-0.0418879,0,-0.226578,-0.973993,-0.496368
-0.0314159,0,-0.226578,-0.973993,-0.496368
-0.0314159,0,-0.226578,-0.973993,-0.496368
-0.0314159,0,-0.226578,-0.973993,-0.496368
-0.020944,0,-0.226578,-0.973993,-0.471
-0.020944,0,-0.226578,-0.973993,-0.496368
-0.010472,0,-0.226578,-0.973993,-0.496368
-0.010472,0,-0.226578,-0.973993,-0.471
-0.010472,0,-0.226578,-0.973993,-0.496368
-0.010472,0,-0.226578,-0.973993,-0.496368
-0.010472,0,-0.226578,-0.973993,-0.496368
-0.020944,0,-0.225084,-0.974339,-0.471
-0.0314159,0,-0.225084,-0.974339,-0.496368
-0.0314159,0,-0.225084,-0.974339,-0.471
-0.0314159,0,-0.225084,-0.974339,-0.521633
-0.020944,0,-0.225084,-0.974339,-0.496368
-0.010472,0,-0.225084,-0.974339,-0.471
-0.010472,0,-0.225084,-0.974339,-0.521633
-0.010472,0,-0.225084,-0.974339,-0.521633
-0.010472,0,-0.225084,-0.974339,-0.521633
-0.010472,0,-0.225084,-0.974339,-0.496368
-0.010472,0,-0.225084,-0.974339,-0.471
-0.010472,0,-0.22359,-0.974683,-0.471
-0.0314159,0,-0.225084,-0.974339,-0.496368
-0.0314159,0,-0.22359,-0.974683,-0.521633
-0.0314159,0,-0.22359,-0.974683,-0.471
-0.020944,0,-0.22359,-0.974683,-0.471
-0.010472,0,-0.22359,-0.974683,-0.496368
-0.010472,0,-0.22359,-0.974683,-0.496368
-0.010472,0,-0.22359,-0.974683,-0.521633
-0.010472,0,-0.22359,-0.974683,-0.471
-0.010472,0,-0.22359,-0.974683,-0.471
-0.010472,0,-0.22359,-0.974683,-0.521633
-0.020944,0,-0.222095,-0.975025,-0.471
-0.020944,0,-0.222095,-0.975025,-0.471
-0.0314159,0,-0.222095,-0.975025,-0.471
-0.020944,0,-0.222095,-0.975025,-0.496368
-0.010472,0,-0.222095,-0.975025,-0.471
-0.010472,0,-0.222095,-0.975025,-0.471
-0.010472,0,-0.222095,-0.975025,-0.496368
-0.010472,0,-0.222095,-0.975025,-0.471
-0.010472,0,-0.222095,-0.975025,-0.496368
-0.010472,0,-0.222095,-0.975025,-0.521633
-0.010472,0,-0.222095,-0.975025,-0.471
-0.010472,0,-0.222095,-0.975025,-0.496368
-0.010472,0,-0.222095,-0.975025,-0.496368
-0.010472,0,-0.222095,-0.975025,-0.471
-0.020944,0,-0.220599,-0.975365,-0.471
-0.010472,0,-0.220599,-0.975365,-0.471
-0.0314159,0,-0.220599,-0.975365,-0.471
-0.020944,0,-0.220599,-0.975365,-0.471
-0.010472,0,-0.220599,-0.975365,-0.471
-0.010472,0,-0.220599,-0.975365,-0.471
-0.010472,0,-0.220599,-0.975365,-0.496368
-0.010472,0,-0.220599,-0.975365,-0.496368
0.0,0,-0.220599,-0.975365,-0.471
0.0,0,-0.220599,-0.975365,-0.521633
0.0,0,-0.220599,-0.975365,-0.496368
0.0,0,-0.220599,-0.975365,-0.496368
0.0,0,-0.220599,-0.975365,-0.471
0.0,0,-0.220599,-0.975365,-0.471
0.0,0,-0.220599,-0.975365,-0.496368
-0.020944,0,-0.219103,-0.975702,-0.496368
-0.010472,0,-0.219103,-0.975702,-0.471
-0.020944,0,-0.219103,-0.975702,-0.496368
-0.020944,0,-0.219103,-0.975702,-0.471
-0.010472,0,-0.219103,-0.975702,-0.496368
-0.010472,0,-0.219103,-0.975702,-0.496368
0.0,0,-0.219103,-0.975702,-0.471
0.0,0,-0.219103,-0.975702,-0.496368
0.0,0,-0.219103,-0.975702,-0.471
0.0,0,-0.219103,-0.975702,-0.471
0.0,0,-0.219103,-0.975702,-0.471
0.0,0,-0.219103,-0.975702,-0.471
0.0,0,-0.219103,-0.975702,-0.496368
0.0,0,-0.219103,-0.975702,-0.471
0.0,0,-0.219103,-0.975702,-0.471
0.0,0,-0.219103,-0.975702,-0.471
0.0,0,-0.219103,-0.975702,-0.496368
0.0,0,-0.219103,-0.975702,-0.496368
0.0,0,-0.219103,-0.975702,-0.471
0.0,0,-0.219103,-0.975702,-0.471
0.0,0,-0.219103,-0.975702,-0.496368
0.0,0,-0.219103,-0.975702,-0.496368
0.0,0,-0.219103,-0.975702,-0.471
-0.020944,0,-0.219103,-0.975702,-0.496368
-0.010472,0,-0.217607,-0.976036,-0.471
-0.020944,0,-0.217607,-0.976036,-0.471
-0.010472,0,-0.217607,-0.976036,-0.496368
-0.010472,0,-0.217607,-0.976036,-0.471
0.0,0,-0.217607,-0.976036,-0.496368
0.0,0,-0.217607,-0.976036,-0.471
0.0,0,-0.217607,-0.976036,-0.496368
0.0,0,-0.217607,-0.976036,-0.471
0.0,0,-0.217607,-0.976036,-0.496368
0.0,0,-0.217607,-0.976036,-0.471
0.0,0,-0.217607,-0.976036,-0.471
0.0,0,-0.217607,-0.976036,-0.496368
0.0,0,-0.217607,-0.976036,-0.471
0.0,0,-0.217607,-0.976036,-0.496368
0.0,0,-0.217607,-0.976036,-0.496368
0.0,0,-0.217607,-0.976036,-0.471
0.0,0,-0.217607,-0.976036,-0.471
0.0,0,-0.217607,-0.976036,-0.496368
0.0,0,-0.217607,-0.976036,-0.496368
0.0,0,-0.217607,-0.976036,-0.471
0.0,0,-0.217607,-0.976036,-0.496368
0.0,0,-0.217607,-0.976036,-0.496368
0.0,0,-0.217607,-0.976036,-0.471
0.0,0,-0.217607,-0.976036,-0.496368
0.0,0,-0.217607,-0.976036,-0.496368
0.0,0,-0.217607,-0.976036,-0.496368
0.0,0,-0.217607,-0.976036,-0.496368
0.0,0,-0.217607,-0.976036,-0.496368
0.0,0,-0.217607,-0.976036,-0.496368
0.0,0,-0.217607,-0.976036,-0.496368
0.0,0,-0.217607,-0.976036,-0.471
-0.020944,0,-0.21611,-0.976369,-0.496368
-0.010472,0,-0.21611,-0.976369,-0.471
-0.020944,0,-0.21611,-0.976369,-0.471
-0.010472,0,-0.21611,-0.976369,-0.496368
-0.010472,0,-0.21611,-0.976369,-0.496368
0.0,0,-0.21611,-0.976369,-0.471
0.0,0,-0.21611,-0.976369,-0.471
0.0,0,-0.21611,-0.976369,-0.471
0.0,0,-0.21611,-0.976369,-0.496368
0.0,0,-0.21611,-0.976369,-0.471
0.0,0,-0.21611,-0.976369,-0.496368
0.0,0,-0.21611,-0.976369,-0.471
0.0,0,-0.21611,-0.976369,-0.471
0.0,0,-0.21611,-0.976369,-0.471
0.0,0,-0.21611,-0.976369,-0.546793
0.0,0,-0.21611,-0.976369,-0.496368
0.0,0,-0.21611,-0.976369,-0.471
0.0,0,-0.21611,-0.976369,-0.471
0.0,0,-0.21611,-0.976369,-0.496368
0.0,0,-0.21611,-0.976369,-0.496368
0.0,15,-0.21611,-0.976369,-0.496368
0.0,15,-0.21611,-0.976369,-0.316635
0.366519,15,-0.225084,-0.974339,-0.290552
1.52891,15,-0.256354,-0.966583,-0.316635
3.18348,15,-0.306394,-0.951905,-0.368498
5.05796,15,-0.375591,-0.926786,-0.316635
6.72301,15,-0.449614,-0.893223,-0.316635
8.56608,15,-0.541462,-0.840725,-0.342617
10.8071,15,-0.662416,-0.749137,-0.342617
12.1475,15,-0.741983,-0.670419,-0.419954
13.2994,15,-0.828049,-0.560656,-0.471
14.0115,15,-0.898675,-0.438615,-0.342617
14.3675,15,-0.953306,-0.302005,-0.471
14.6293,15,-0.987544,-0.157342,-0.394277
14.7445,15,-0.999925,-0.0122694,-0.419954
14.8493,15,-0.990273,0.139141,-0.445528
14.9016,15,-0.959138,0.282938,-0.394277
14.9435,15,-0.906595,0.422002,-0.471
14.9645,15,-0.834017,0.551739,-0.394277
14.9749,15,-0.74198,0.670422,-0.445528
14.9959,15,-0.634393,0.773011,-0.445528
14.9959,15,-0.512786,0.858517,-0.394277
15.0063,15,-0.377008,0.92621,-0.419954
15.0168,15,-0.234035,0.972228,-0.394277
15.0063,15,-0.0827348,0.996572,-0.471
15.0168,15,0.0613276,0.998118,-0.394277
15.0063,15,0.211617,0.977353,-0.445528
15.0378,15,0.357035,0.934091,-0.445528
15.0273,15,0.500887,0.865513,-0.419954
15.0273,15,0.618856,0.785505,-0.471
15.0378,15,0.727415,0.686198,-0.368498
15.0273,15,0.823722,0.566994,-0.496368
15.0482,15,0.898002,0.439992,-0.394277
15.0168,15,0.955141,0.29615,-0.496368
15.0378,15,0.988258,0.152796,-0.419954
15.0063,15,0.999999,0.00153384,-0.445528
15.0273,15,0.98895,-0.148247,-0.471
15.0168,15,0.955592,-0.294692,-0.419954
15.0168,15,0.901346,-0.4331,-0.471
15.0168,15,0.825453,-0.564471,-0.394277
15.0063,15,0.734734,-0.678355,-0.471
15.0168,15,0.623657,-0.781698,-0.419954
14.9959,15,0.500881,-0.865516,-0.419954
15.0063,15,0.361322,-0.932441,-0.445528
15.0168,15,0.219098,-0.975703,-0.419954
15.0063,15,0.0674419,-0.997723,-0.471
15.0168,15,-0.0781562,-0.996941,-0.368498
14.9959,15,-0.225087,-0.974339,-0.445528
15.0168,15,-0.372742,-0.927935,-0.419954
14.9959,15,-0.502214,-0.864743,-0.419954
15.0063,15,-0.627253,-0.778816,-0.471
15.0063,15,-0.73474,-0.678349,-0.368498
14.9959,15,-0.828905,-0.55939,-0.471
15.0168,15,-0.903989,-0.427555,-0.394277
14.9854,15,-0.957828,-0.287341,-0.471
15.0168,15,-0.990059,-0.140652,-0.394277
14.9854,15,-0.999989,0.00460909,-0.445528
15.0063,15,-0.987056,0.160377,-0.445528
14.9959,15,-0.953766,0.300549,-0.445528
14.9959,15,-0.888342,0.459182,-0.471
14.9959,15,-0.8211,0.570785,-0.419954
14.9959,15,-0.72741,0.686204,-0.471
15.0063,15,-0.617644,0.786458,-0.419954
14.9854,15,-0.49156,0.870844,-0.419954
14.9959,15,-0.35846,0.933545,-0.445528
15.0063,15,-0.213107,0.977029,-0.394277
14.9959,15,-0.0659105,0.997826,-0.471
15.0063,15,0.0857991,0.996312,-0.368498
14.9854,15,0.234043,0.972226,-0.471
15.0168,15,0.375587,0.926787,-0.419954
14.9959,15,0.510151,0.860085,-0.419954
15.0063,15,0.634393,0.773011,-0.471
15.0063,15,0.73992,0.672694,-0.368498
14.9959,15,0.836551,0.54789,-0.471
15.0168,15,0.906599,0.421994,-0.394277
14.9854,15,0.960004,0.279987,-0.471
15.0168,15,0.991109,0.133055,-0.368498
14.9854,15,0.999925,-0.0122776,-0.471
15.0063,15,0.986053,-0.16643,-0.445528
14.9854,15,0.951904,-0.306395,-0.445528
14.9959,15,0.893223,-0.449614,-0.445528
14.9959,15,0.817583,-0.575811,-0.419954
14.9854,15,0.722126,-0.691762,-0.471
14.9959,15,0.611588,-0.791176,-0.419954
14.9749,15,0.484867,-0.874588,-0.445528
14.9959,15,0.348417,-0.93734,-0.445528
14.9959,15,0.205601,-0.978636,-0.419954
14.9854,15,0.0582565,-0.998302,-0.471
14.9959,15,-0.0919102,-0.995767,-0.419954
14.9749,15,-0.2415,-0.970401,-0.471
15.0063,15,-0.381273,-0.924462,-0.419954
14.9854,15,-0.515424,-0.856935,-0.471
14.9854,15,-0.636762,-0.77106,-0.471
14.9854,15,-0.748123,-0.66356,-0.394277
14.9854,15,-0.836547,-0.547895,-0.471
14.9959,15,-0.909808,-0.415029,-0.394277
14.9749,15,-0.960858,-0.27704,-0.471
14.9959,15,-0.991906,-0.126972,-0.394277
14.9749,15,-0.999801,0.0199454,-0.471
14.9959,15,-0.985278,0.170958,-0.445528
14.9749,15,-0.949045,0.315142,-0.419954
14.9854,15,-0.890444,0.455093,-0.445528
14.9854,15,-0.81403,0.580823,-0.394277
14.9749,15,-0.717863,0.696185,-0.471
14.9854,15,-0.606729,0.794909,-0.419954
14.9749,15,-0.478146,0.87828,-0.445528
14.9854,15,-0.3441,0.938933,-0.445528
14.9854,15,-0.201096,0.979572,-0.419954
14.9749,15,-0.0505991,0.998719,-0.471
14.9959,15,0.0980253,0.995184,-0.394277
14.9749,15,0.242989,0.970029,-0.471
15.0063,15,0.386931,0.922109,-0.419954
14.9854,15,0.518045,0.855353,-0.445528
14.9959,15,0.643836,0.765163,-0.445528
14.9959,15,0.752175,0.658963,-0.394277
14.9959,15,0.841558,0.540167,-0.471
15.0063,15,0.911708,0.410838,-0.394277
14.9854,15,0.963365,0.268194,-0.471
14.9959,15,0.992851,0.119362,-0.394277
14.9749,15,0.999575,-0.0291526,-0.471
14.9959,15,0.984209,-0.177008,-0.471
14.9749,15,0.9466,-0.32241,-0.471
14.9854,15,0.887639,-0.460541,-0.445528
14.9854,15,0.809552,-0.587048,-0.419954
14.9749,15,0.711431,-0.702756,-0.471
14.9854,15,0.599382,-0.800463,-0.419954
14.9645,15,0.475442,-0.879747,-0.445528
14.9854,15,0.336889,-0.941544,-0.445528
14.9854,15,0.195089,-0.980785,-0.419954
14.9749,15,0.0460027,-0.998941,-0.471
14.9854,15,-0.102604,-0.994722,-0.419954
14.9645,15,-0.25042,-0.968137,-0.445528
14.9959,15,-0.393991,-0.919114,-0.419954
14.9645,15,-0.524589,-0.851356,-0.471
14.9854,15,-0.647351,-0.762192,-0.445528
14.9749,15,-0.753186,-0.657808,-0.419954
14.9749,15,-0.843207,-0.537589,-0.471
14.9854,15,-0.914209,-0.405244,-0.394277
14.9645,15,-0.964185,-0.265229,-0.471
14.9854,15,-0.992667,-0.120883,-0.394277
14.9645,15,-0.99953,0.0306714,-0.471
14.9854,15,-0.98366,0.180034,-0.445528
14.9645,15,-0.946104,0.323863,-0.445528
14.9749,15,-0.886218,0.463269,-0.445528
14.9749,15,-0.80865,0.58829,-0.419954
14.9645,15,-0.711425,0.702762,-0.471
14.9749,15,-0.599387,0.800459,-0.419954
14.9645,15,-0.471389,0.881926,-0.445528
14.9749,15,-0.336881,0.941547,-0.445528
14.9854,15,-0.192072,0.981381,-0.419954
14.9749,15,-0.0429298,0.999078,-0.471
14.9854,15,0.108697,0.994075,-0.394277
14.9645,15,0.254873,0.966975,-0.471
14.9959,15,0.396816,0.917898,-0.419954
14.9749,15,0.529809,0.848117,-0.471
14.9854,15,0.652009,0.758211,-0.445528
14.9854,15,0.754194,0.656651,-0.394277
14.9854,15,0.847305,0.531107,-0.471
14.9959,15,0.91483,0.40384,-0.419954
14.9749,15,0.966191,0.257827,-0.471
14.9959,15,0.993389,0.114798,-0.394277
14.9645,15,0.999322,-0.0368109,-0.471
14.9959,15,0.982821,-0.184559,-0.445528
14.9645,15,0.943593,-0.331109,-0.471
14.9854,15,0.884077,-0.467342,-0.445528
14.9749,15,0.799537,-0.600616,-0.445528
14.9749,15,0.704933,-0.709274,-0.471
14.9749,15,0.589515,-0.807757,-0.419954
14.9645,15,0.464612,-0.885515,-0.471
14.9749,15,0.326753,-0.94511,-0.445528
14.9749,15,0.18304,-0.983105,-0.471
14.9749,15,0.0322016,-0.999481,-0.471
14.9854,15,-0.113271,-0.993564,-0.419954
14.9645,15,-0.263753,-0.96459,-0.471
14.9854,15,-0.403844,-0.914828,-0.368498
14.9645,15,-0.536297,-0.844029,-0.471
14.9854,15,-0.655491,-0.755203,-0.419954
14.9645,15,-0.7612,-0.648517,-0.419954
14.9749,15,-0.848935,-0.528498,-0.471
14.9854,15,-0.919118,-0.393982,-0.419954
14.9645,15,-0.966976,-0.254869,-0.471
14.9854,15,-0.994242,-0.107161,-0.368498
14.9645,15,-0.999142,0.0414091,-0.471
14.9854,15,-0.981962,0.18908,-0.445528
14.9645,15,-0.94257,0.33401,-0.471
14.9749,15,-0.881917,0.471406,-0.419954
14.9645,15,-0.801371,0.598168,-0.445528
14.9645,15,-0.702748,0.711438,-0.471
14.9645,15,-0.58952,0.807754,-0.471
14.954,15,-0.461899,0.886932,-0.445528
14.9749,15,-0.323859,0.946105,-0.445528
14.9749,15,-0.181531,0.983385,-0.445528
14.9749,15,-0.0322079,0.999481,-0.471
14.9854,15,0.119372,0.99285,-0.419954
14.9645,15,0.263762,0.964588,-0.471
14.9959,15,0.415044,0.909801,-0.445528
14.9645,15,0.540176,0.841552,-0.471
14.9854,15,0.660118,0.751162,-0.445528
14.9749,15,0.764177,0.645007,-0.419954
14.9854,15,0.852157,0.523286,-0.471
14.9959,0,0.919116,0.393988,-0.419954
14.954,0,0.977679,0.210106,-0.695537
14.5142,0,0.993737,0.111748,-0.571848
13.0167,0,0.999995,0.00306473,-0.571848
11.2678,0,0.996312,-0.0858036,-0.596798
9.30959,0,0.987302,-0.158857,-0.596798
7.35133,0,0.978632,-0.205617,-0.596798
5.34071,0,0.970771,-0.240007,-0.571848
3.61283,0,0.968137,-0.250421,-0.419954
1.93732,0,0.966583,-0.256355,-0.471
1.09956,0,0.964992,-0.262279,-0.471
0.607375,0,0.964183,-0.265237,-0.445528
0.366519,0,0.963365,-0.268193,-0.471
0.20944,0,0.962951,-0.269678,-0.471
0.10472,0,0.962951,-0.269678,-0.471
0.0628319,0,0.962538,-0.271147,-0.445528
0.010472,0,0.962538,-0.271147,-0.471
0.0,0,0.962538,-0.271147,-0.445528
-0.020944,0,0.962538,-0.271147,-0.471
-0.0314159,0,0.962538,-0.271147,-0.471
-0.0314159,0,0.962538,-0.271147,-0.471
-0.0314159,0,0.962538,-0.271147,-0.471
-0.0314159,0,0.962538,-0.271147,-0.471
-0.0314159,0,0.962538,-0.271147,-0.471
-0.0314159,0,0.962538,-0.271147,-0.471
-0.0314159,0,0.962538,-0.271147,-0.471
-0.0418879,0,0.962951,-0.269678,-0.471
-0.0418879,0,0.962538,-0.271147,-0.471
-0.0523599,0,0.962951,-0.269678,-0.471
-0.0418879,0,0.962951,-0.269678,-0.471
-0.0418879,0,0.962951,-0.269678,-0.471
-0.0314159,0,0.962951,-0.269678,-0.471
-0.0314159,0,0.962951,-0.269678,-0.471
-0.0314159,0,0.962951,-0.269678,-0.521633
-0.0418879,0,0.963365,-0.268193,-0.471
-0.0418879,0,0.963365,-0.268193,-0.471
-0.0523599,0,0.963365,-0.268193,-0.471
-0.0418879,0,0.963365,-0.268193,-0.471
-0.0314159,0,0.963365,-0.268193,-0.496368
-0.0314159,0,0.963365,-0.268193,-0.471
-0.0314159,0,0.963365,-0.268193,-0.471
-0.0314159,0,0.963773,-0.266723,-0.471
-0.0523599,0,0.963365,-0.268193,-0.496368
-0.0418879,0,0.963773,-0.266723,-0.471
-0.0418879,0,0.963773,-0.266723,-0.471
-0.0314159,0,0.963773,-0.266723,-0.471
-0.0314159,0,0.963773,-0.266723,-0.496368
-0.020944,0,0.963773,-0.266723,-0.471
-0.0418879,0,0.964183,-0.265237,-0.471
-0.0314159,0,0.964183,-0.265237,-0.471
-0.0418879,0,0.964183,-0.265237,-0.471
-0.0314159,0,0.964183,-0.265237,-0.496368
-0.0314159,0,0.964183,-0.265237,-0.471
-0.0418879,0,0.964587,-0.263766,-0.445528
-0.0314159,0,0.964587,-0.263766,-0.471
-0.0418879,0,0.964587,-0.263766,-0.496368
-0.0314159,0,0.964587,-0.263766,-0.496368
-0.020944,0,0.964587,-0.263766,-0.471
-0.0418879,0,0.964992,-0.262279,-0.471
-0.0314159,0,0.964992,-0.262279,-0.471
-0.0418879,0,0.964992,-0.262279,-0.471
-0.0314159,0,0.964992,-0.262279,-0.496368
-0.020944,0,0.964992,-0.262279,-0.471
-0.0314159,0,0.965395,-0.260792,-0.471
-0.0418879,0,0.964992,-0.262279,-0.471
-0.0314159,0,0.965395,-0.260792,-0.471
-0.0314159,0,0.965395,-0.260792,-0.471
-0.020944,0,0.965395,-0.260792,-0.471
-0.0314159,0,0.965792,-0.259318,-0.471
-0.0314159,0,0.965395,-0.260792,-0.471
-0.0314159,0,0.965792,-0.259318,-0.471
-0.0314159,0,0.965792,-0.259318,-0.471
-0.020944,0,0.965792,-0.259318,-0.471
-0.020944,0,0.965792,-0.259318,-0.471
-0.020944,0,0.96619,-0.257829,-0.471
-0.0314159,0,0.96619,-0.257829,-0.471
-0.0314159,0,0.96619,-0.257829,-0.471
-0.0314159,0,0.96619,-0.257829,-0.471
-0.020944,0,0.96619,-0.257829,-0.471
-0.020944,0,0.96619,-0.257829,-0.471
-0.010472,0,0.96619,-0.257829,-0.471
-0.010472,0,0.96619,-0.257829,-0.471
-0.0314159,0,0.96619,-0.257829,-0.471
-0.020944,0,0.966583,-0.256355,-0.445528
-0.0314159,0,0.966583,-0.256355,-0.471
-0.020944,0,0.966583,-0.256355,-0.471
-0.020944,0,0.966583,-0.256355,-0.471
-0.010472,0,0.966583,-0.256355,-0.471
-0.010472,0,0.966583,-0.256355,-0.471
-0.010472,0,0.966583,-0.256355,-0.471
-0.0314159,0,0.966977,-0.254865,-0.471
-0.020944,0,0.966977,-0.254865,-0.471
-0.0314159,0,0.966977,-0.254865,-0.471
-0.020944,0,0.966977,-0.254865,-0.471
-0.020944,0,0.966977,-0.254865,-0.471
-0.010472,0,0.966977,-0.254865,-0.471
-0.010472,0,0.966977,-0.254865,-0.471
-0.010472,0,0.966977,-0.254865,-0.471
-0.0314159,0,0.966977,-0.254865,-0.496368
-0.020944,0,0.967364,-0.253389,-0.471
-0.0314159,0,0.967364,-0.253389,-0.471
-0.020944,0,0.967364,-0.253389,-0.471
-0.010472,0,0.967364,-0.253389,-0.471
-0.010472,0,0.967364,-0.253389,-0.471
-0.010472,0,0.967364,-0.253389,-0.471
-0.010472,0,0.967364,-0.253389,-0.471
-0.010472,0,0.967364,-0.253389,-0.471
-0.010472,0,0.967364,-0.253389,-0.471
-0.010472,0,0.967364,-0.253389,-0.471
-0.020944,0,0.967754,-0.251898,-0.496368
-0.020944,0,0.967754,-0.251898,-0.471
-0.020944,0,0.967754,-0.251898,-0.471
-0.020944,0,0.967754,-0.251898,-0.471
-0.010472,0,0.967754,-0.251898,-0.471
-0.010472,0,0.967754,-0.251898,-0.471
