right_wheel_current_velocity,right_wheel_target_velocity,right_wheel_current_sin_position,right_wheel_current_cos_position,right_wheel_torque
0.0,0,0.0,0.0,0.0
-0.0,0,0.761202,0.648514,0.471
-0.0,0,0.761202,0.648514,0.471
-0.010472,0,0.760207,0.649681,0.496368
-0.0418879,0,0.759209,0.650847,0.496368
-0.020944,0,0.760207,0.649681,0.419954
0.0418879,0,0.762196,0.647346,0.445528
0.0418879,0,0.761202,0.648514,0.471
-0.0,0,0.761202,0.648514,0.471
-0.0,0,0.761202,0.648514,0.471
-0.0,0,0.761202,0.648514,0.471
-0.0,0,0.761202,0.648514,0.471
-0.0,0,0.761202,0.648514,0.471
-0.0,0,0.761202,0.648514,0.471
-0.0,0,0.761202,0.648514,0.471
-0.0,0,0.761202,0.648514,0.471
-0.020944,0,0.760207,0.649681,0.471
-0.020944,0,0.760207,0.649681,0.471
-0.010472,0,0.760207,0.649681,0.471
-0.0,0,0.760207,0.649681,0.471
-0.0,0,0.760207,0.649681,0.471
-0.0,0,0.761202,0.648514,0.471
-0.0,0,0.760207,0.649681,0.471
-0.0,0,0.760207,0.649681,0.471
0.010472,0,0.761202,0.648514,0.471
-0.0,0,0.760207,0.649681,0.471
0.010472,0,0.761202,0.648514,0.471
0.010472,0,0.761202,0.648514,0.471
0.010472,0,0.761202,0.648514,0.471
-0.0,0,0.761202,0.648514,0.471
-0.0,0,0.761202,0.648514,0.471
-0.0,0,0.761202,0.648514,0.471
-0.0,0,0.761202,0.648514,0.471
-0.0,0,0.761202,0.648514,0.471
-0.0,0,0.761202,0.648514,0.471
-0.0,0,0.761202,0.648514,0.471
-0.010472,0,0.761202,0.648514,0.471
-0.0,0,0.760207,0.649681,0.471
-0.010472,0,0.761202,0.648514,0.471
-0.0,0,0.760207,0.649681,0.471
-0.0,0,0.761202,0.648514,0.471
-0.0,0,0.760207,0.649681,0.471
-0.010472,0,0.760207,0.649681,0.471
-0.0,0,0.760207,0.649681,0.471
-0.0,0,0.760207,0.649681,0.471
-0.0,0,0.760207,0.649681,0.471
-0.0,0,0.760207,0.649681,0.471
-0.0,0,0.760207,0.649681,0.471
-0.0,0,0.760207,0.649681,0.471
-0.0,0,0.760207,0.649681,0.471
-0.0,0,0.760207,0.649681,0.471
-0.0,0,0.760207,0.649681,0.471
-0.0,0,0.760207,0.649681,0.471
-0.0,0,0.760207,0.649681,0.471
-0.0,0,0.760207,0.649681,0.471
0.010472,0,0.761202,0.648514,0.471
-0.0,0,0.760207,0.649681,0.471
0.010472,0,0.761202,0.648514,0.471
0.010472,0,0.761202,0.648514,0.471
-0.0,0,0.761202,0.648514,0.471
-0.0,0,0.761202,0.648514,0.471
-0.0,0,0.761202,0.648514,0.471
-0.0,0,0.761202,0.648514,0.471
-0.0,0,0.761202,0.648514,0.471
-0.0,0,0.761202,0.648514,0.471
-0.0,0,0.761202,0.648514,0.471
-0.0,0,0.761202,0.648514,0.496368
-0.0,0,0.761202,0.648514,0.471
-0.0,0,0.761202,0.648514,0.471
-0.0,0,0.761202,0.648514,0.471
-0.0,0,0.761202,0.648514,0.471
-0.0,0,0.761202,0.648514,0.471
-0.0,0,0.761202,0.648514,0.471
-0.0,0,0.761202,0.648514,0.471
-0.0,0,0.761202,0.648514,0.471
-0.0,0,0.761202,0.648514,0.471
-0.0,0,0.761202,0.648514,0.471
-0.0,0,0.761202,0.648514,0.471
-0.0,0,0.761202,0.648514,0.471
-0.0,0,0.761202,0.648514,0.471
-0.0,0,0.761202,0.648514,0.471
-0.0,0,0.761202,0.648514,0.471
-0.0,0,0.761202,0.648514,0.471
-0.0,0,0.761202,0.648514,0.471
-0.0,0,0.761202,0.648514,0.471
-0.0,0,0.761202,0.648514,0.471
-0.0,0,0.761202,0.648514,0.471
-0.0,0,0.761202,0.648514,0.471
-0.0,0,0.761202,0.648514,0.471
-0.0,0,0.761202,0.648514,0.471
-0.0,0,0.761202,0.648514,0.471
-0.0,0,0.761202,0.648514,0.471
-0.0,0,0.761202,0.648514,0.471
-0.0,0,0.761202,0.648514,0.471
-0.0,0,0.761202,0.648514,0.471
-0.0,0,0.761202,0.648514,0.471
-0.0,0,0.761202,0.648514,0.471
-0.0,0,0.761202,0.648514,0.471
-0.0,0,0.761202,0.648514,0.471
-0.0,0,0.761202,0.648514,0.471
-0.0,0,0.761202,0.648514,0.471
-0.0,0,0.761202,0.648514,0.471
-0.0,0,0.761202,0.648514,0.471
-0.0,0,0.761202,0.648514,0.471
-0.0,0,0.761202,0.648514,0.471
-0.0,0,0.761202,0.648514,0.471
-0.0,0,0.761202,0.648514,0.471
-0.0,0,0.761202,0.648514,0.471
-0.0,0,0.761202,0.648514,0.471
-0.0,0,0.761202,0.648514,0.471
-0.0,0,0.761202,0.648514,0.471
-0.0,0,0.761202,0.648514,0.471
-0.0,0,0.761202,0.648514,0.471
-0.0,0,0.761202,0.648514,0.471
-0.0,0,0.761202,0.648514,0.471
-0.0,0,0.761202,0.648514,0.471
-0.0,0,0.761202,0.648514,0.471
-0.0,0,0.761202,0.648514,0.471
-0.0,0,0.761202,0.648514,0.471
-0.0,0,0.761202,0.648514,0.471
-0.0,0,0.761202,0.648514,0.471
-0.0,0,0.761202,0.648514,0.471
-0.0,0,0.761202,0.648514,0.471
-0.0,0,0.761202,0.648514,0.471
-0.0,0,0.761202,0.648514,0.471
-0.0,0,0.761202,0.648514,0.471
-0.0,0,0.761202,0.648514,0.471
-0.0,0,0.761202,0.648514,0.471
-0.0,0,0.761202,0.648514,0.471
-0.0,0,0.761202,0.648514,0.471
-0.0,0,0.761202,0.648514,0.471
-0.0,0,0.761202,0.648514,0.471
-0.0,0,0.761202,0.648514,0.471
-0.0,0,0.761202,0.648514,0.471
-0.0,0,0.761202,0.648514,0.471
-0.0,0,0.761202,0.648514,0.471
-0.0,0,0.761202,0.648514,0.471
-0.0,0,0.761202,0.648514,0.471
-0.0,0,0.761202,0.648514,0.471
-0.0,0,0.761202,0.648514,0.471
-0.0,0,0.761202,0.648514,0.471
-0.0,0,0.761202,0.648514,0.471
-0.0,0,0.761202,0.648514,0.471
-0.0,0,0.761202,0.648514,0.471
-0.0,0,0.761202,0.648514,0.471
-0.0,0,0.761202,0.648514,0.471
-0.0,0,0.761202,0.648514,0.471
-0.0,0,0.761202,0.648514,0.471
-0.0,0,0.761202,0.648514,0.471
-0.0,0,0.761202,0.648514,0.471
-0.0,0,0.761202,0.648514,0.471
-0.0,0,0.761202,0.648514,0.471
-0.0,0,0.761202,0.648514,0.471
-0.0,0,0.761202,0.648514,0.471
-0.0,0,0.761202,0.648514,0.471
-0.0,0,0.761202,0.648514,0.471
-0.0,0,0.761202,0.648514,0.471
-0.0,0,0.761202,0.648514,0.471
-0.0,0,0.761202,0.648514,0.471
-0.0,0,0.761202,0.648514,0.471
-0.0,0,0.761202,0.648514,0.471
-0.0,0,0.761202,0.648514,0.471
-0.0,0,0.761202,0.648514,0.471
-0.0,0,0.761202,0.648514,0.471
-0.0,0,0.761202,0.648514,0.471
-0.0,0,0.761202,0.648514,0.471
-0.0,0,0.761202,0.648514,0.471
-0.0,0,0.761202,0.648514,0.471
-0.0,0,0.761202,0.648514,0.471
-0.0,0,0.761202,0.648514,0.471
-0.0,0,0.761202,0.648514,0.471
-0.0,0,0.761202,0.648514,0.471
-0.0,0,0.761202,0.648514,0.471
-0.0,0,0.761202,0.648514,0.471
-0.0,0,0.761202,0.648514,0.471
-0.0,0,0.761202,0.648514,0.471
-0.0,0,0.761202,0.648514,0.471
-0.0,0,0.761202,0.648514,0.471
-0.0,0,0.761202,0.648514,0.471
-0.0,0,0.761202,0.648514,0.471
-0.0,0,0.761202,0.648514,0.471
-0.0,0,0.761202,0.648514,0.471
-0.0,0,0.761202,0.648514,0.471
-0.0,0,0.761202,0.648514,0.471
-0.0,0,0.761202,0.648514,0.471
-0.0,0,0.761202,0.648514,0.471
-0.0,0,0.761202,0.648514,0.471
-0.0,0,0.761202,0.648514,0.471
-0.0,0,0.761202,0.648514,0.471
-0.0,0,0.761202,0.648514,0.471
-0.0,0,0.761202,0.648514,0.471
-0.0,0,0.761202,0.648514,0.471
-0.0,0,0.761202,0.648514,0.471
-0.0,0,0.761202,0.648514,0.471
-0.0,0,0.761202,0.648514,0.496368
-0.0,0,0.761202,0.648514,0.471
-0.0,0,0.761202,0.648514,0.471
-0.0,0,0.761202,0.648514,0.471
-0.0,0,0.761202,0.648514,0.471
-0.0,0,0.761202,0.648514,0.471
-0.0,15,0.761202,0.648514,0.471
-0.0,15,0.761202,0.648514,0.596798
0.492183,15,0.771061,0.636762,0.596798
1.7174,15,0.792107,0.610383,0.571848
3.63378,15,0.827184,0.561931,0.571848
5.55015,15,0.86933,0.494232,0.546793
7.52935,15,0.912962,0.408044,0.571848
9.46667,15,0.953306,0.302006,0.596798
11.3202,15,0.985014,0.172473,0.546793
12.8177,15,0.999619,0.0276081,0.496368
13.7497,15,0.993737,-0.111747,0.496368
14.2524,15,0.96619,-0.257831,0.496368
14.556,15,0.918508,-0.395401,0.471
14.7236,15,0.850549,-0.525895,0.546793
14.8178,15,0.762196,-0.647346,0.471
14.9121,15,0.658961,-0.752177,0.521633
14.9435,15,0.542751,-0.839894,0.471
14.9959,15,0.409444,-0.912335,0.546793
14.9854,15,0.266713,-0.963776,0.471
15.0273,15,0.120888,-0.992666,0.521633
15.0168,15,-0.0291417,-0.999575,0.471
15.0378,15,-0.181532,-0.983385,0.546793
15.0378,15,-0.32531,-0.945607,0.471
15.0482,15,-0.464619,-0.885511,0.521633
15.0482,15,-0.587041,-0.809557,0.471
15.0482,15,-0.706021,-0.708191,0.571848
15.0482,15,-0.80594,-0.591997,0.496368
15.0378,15,-0.884797,-0.465976,0.546793
15.0378,15,-0.943593,-0.331106,0.471
15.0378,15,-0.982539,-0.186055,0.496368
15.0273,15,-0.999265,-0.0383402,0.471
15.0273,15,-0.993389,0.114795,0.496368
15.0168,15,-0.96619,0.257831,0.521633
15.0273,15,-0.915449,0.402435,0.471
15.0168,15,-0.840725,0.541462,0.521633
15.0063,15,-0.754195,0.656651,0.471
15.0273,15,-0.650847,0.759209,0.521633
15.0063,15,-0.527199,0.849742,0.471
15.0273,15,-0.39681,0.917901,0.546793
15.0063,15,-0.251898,0.967754,0.471
15.0273,15,-0.108697,0.994075,0.546793
15.0063,15,0.0398732,0.999205,0.471
15.0273,15,0.193586,0.981083,0.496368
15.0063,15,0.338334,0.941026,0.471
15.0063,15,0.4741,0.880471,0.521633
15.0063,15,0.599389,0.800458,0.471
14.9959,15,0.711432,0.702755,0.496368
14.9959,15,0.809558,0.58704,0.471
14.9959,15,0.888345,0.459176,0.471
14.9959,15,0.946601,0.322407,0.471
15.0063,15,0.98421,0.177004,0.496368
14.9959,15,0.999619,0.0276079,0.471
15.0168,15,0.99248,-0.122411,0.471
15.0063,15,0.963776,-0.266713,0.496368
15.0063,15,0.912962,-0.408045,0.471
15.0063,15,0.841555,-0.540172,0.521633
15.0063,15,0.751165,-0.660115,0.471
15.0168,15,0.641481,-0.767139,0.521633
15.0063,15,0.520666,-0.85376,0.471
15.0273,15,0.3841,-0.923292,0.521633
15.0063,15,0.238514,-0.971139,0.471
15.0378,15,0.0980164,-0.995185,0.521633
15.0063,15,-0.0536642,-0.998559,0.471
15.0273,15,-0.199602,-0.979877,0.546793
15.0168,15,-0.342661,-0.939459,0.471
15.0273,15,-0.482184,-0.87607,0.521633
15.0168,15,-0.606731,-0.794907,0.471
15.0168,15,-0.721066,-0.692866,0.546793
15.0168,15,-0.814036,-0.580814,0.471
15.0063,15,-0.893224,-0.449611,0.546793
15.0063,15,-0.949528,-0.313681,0.471
15.0063,15,-0.986308,-0.164913,0.496368
14.9959,15,-0.999831,-0.0184061,0.496368
14.9959,15,-0.989177,0.146731,0.496368
14.9854,15,-0.96043,0.27852,0.471
14.9959,15,-0.907886,0.419217,0.471
14.9854,15,-0.835706,0.549177,0.521633
14.9854,15,-0.744034,0.668142,0.471
14.9959,15,-0.635578,0.772037,0.521633
14.9854,15,-0.512786,0.858516,0.471
15.0063,15,-0.378427,0.925631,0.521633
14.9854,15,-0.235533,0.971866,0.471
15.0063,15,-0.087325,0.99618,0.521633
14.9854,15,0.0613213,0.998118,0.471
15.0063,15,0.211612,0.977354,0.521633
14.9854,15,0.351293,0.936266,0.471
14.9959,15,0.487551,0.873095,0.496368
14.9854,15,0.614022,0.789289,0.471
14.9854,15,0.725304,0.688429,0.521633
14.9854,15,0.819348,0.573297,0.471
14.9749,15,0.8946,0.446868,0.471
14.9854,15,0.951435,0.30785,0.471
14.9854,15,0.987057,0.160372,0.521633
14.9854,15,0.999942,0.0107372,0.471
14.9959,15,0.990058,-0.140659,0.496368
14.9854,15,0.958703,-0.284408,0.471
14.9959,15,0.895966,-0.444122,0.496368
14.9854,15,0.830616,-0.556845,0.496368
14.9854,15,0.73992,-0.672695,0.471
14.9854,15,0.627251,-0.778817,0.521633
14.9854,15,0.503538,-0.863973,0.471
14.9959,15,0.371317,-0.928506,0.521633
14.9854,15,0.225084,-0.974339,0.471
15.0063,15,0.0766234,-0.99706,0.521633
14.9854,15,-0.0705054,-0.997511,0.471
15.0063,15,-0.219102,-0.975702,0.546793
14.9959,15,-0.361327,-0.932439,0.471
15.0168,15,-0.504863,-0.8632,0.521633
15.0063,15,-0.62126,-0.783604,0.471
15.0063,15,-0.732655,-0.6806,0.546793
14.9959,15,-0.825457,-0.564465,0.471
14.9959,15,-0.900684,-0.434475,0.546793
14.9959,15,-0.955594,-0.294685,0.471
14.9959,15,-0.989177,-0.14673,0.496368
14.9854,15,-1.0,1.31529e-06,0.471
14.9854,15,-0.988491,0.151281,0.496368
14.9645,15,-0.955141,0.296151,0.471
14.9854,15,-0.898674,0.438617,0.496368
14.9749,15,-0.825456,0.564466,0.496368
14.9854,15,-0.729514,0.683966,0.471
14.9854,15,-0.62246,0.782651,0.521633
14.9854,15,-0.498227,0.867046,0.471
14.9959,15,-0.362756,0.931884,0.546793
14.9749,15,-0.2191,0.975702,0.471
14.9959,15,-0.0735647,0.99729,0.521633
14.9645,15,0.078154,0.996941,0.471
14.9959,15,0.228072,0.973644,0.521633
14.9749,15,0.369892,0.929075,0.471
14.9854,15,0.503538,0.863973,0.521633
14.9749,15,0.626058,0.779777,0.471
14.9749,15,0.736817,0.676092,0.496368
14.9645,15,0.829761,0.558119,0.471
14.9645,15,0.90399,0.427554,0.521633
14.9749,15,0.95694,0.290285,0.496368
14.9749,15,0.9894,0.145213,0.546793
14.9749,15,0.999981,-0.00613659,0.471
14.9854,15,0.988257,-0.152798,0.521633
14.9749,15,0.953306,-0.302006,0.471
14.9854,15,0.898674,-0.438616,0.496368
14.9749,15,0.821977,-0.569521,0.496368
14.9854,15,0.728464,-0.685084,0.471
14.9749,15,0.618852,-0.785507,0.521633
14.9854,15,0.478147,-0.87828,0.496368
14.9854,15,0.359895,-0.932993,0.521633
14.9854,15,0.21311,-0.977028,0.496368
15.0063,15,0.0659127,-0.997825,0.546793
14.9854,15,-0.0827409,-0.996571,0.471
15.0063,15,-0.231058,-0.97294,0.521633
14.9854,15,-0.374165,-0.927362,0.471
15.0063,15,-0.51015,-0.860085,0.521633
14.9854,15,-0.632019,-0.774953,0.471
14.9959,15,-0.741981,-0.670421,0.521633
14.9854,15,-0.83147,-0.55557,0.471
14.9854,15,-0.905948,-0.423389,0.521633
14.9854,15,-0.958704,-0.284406,0.471
14.9854,15,-0.991108,-0.133059,0.496368
14.9749,15,-0.999925,0.0122716,0.471
14.9749,15,-0.987057,0.160372,0.521633
14.9645,15,-0.953306,0.302007,0.471
14.9749,15,-0.896646,0.442747,0.496368
14.9645,15,-0.821977,0.569521,0.496368
14.9749,15,-0.727413,0.6862,0.471
14.9749,15,-0.614021,0.789289,0.521633
14.9749,15,-0.488887,0.872347,0.471
14.9854,15,-0.35703,0.934093,0.546793
14.9749,15,-0.204108,0.978948,0.496368
14.9854,15,-0.0643812,0.997925,0.521633
14.9645,15,0.0888536,0.996045,0.471
14.9854,15,0.231059,0.97294,0.496368
14.9645,15,0.377007,0.92621,0.471
14.9749,15,0.523284,0.852158,0.496368
14.9645,15,0.634394,0.77301,0.471
14.9645,15,0.741981,0.670421,0.471
14.954,15,0.848121,0.529802,0.471
14.9645,15,0.905948,0.42339,0.471
14.9645,15,0.960002,0.279992,0.471
14.9645,15,0.990273,0.139139,0.521633
14.9645,15,0.999575,-0.0291415,0.471
14.9854,15,0.983385,-0.181532,0.521633
14.9749,15,0.928506,-0.371318,0.471
14.9854,15,0.884081,-0.467333,0.496368
14.9645,15,0.815814,-0.578314,0.471
14.9854,15,0.721066,-0.692866,0.471
14.9749,15,0.612809,-0.790231,0.496368
14.9854,15,0.484868,-0.874587,0.471
14.9749,15,0.331105,-0.943594,0.496368
14.9749,15,0.190575,-0.981673,0.471
14.9959,15,0.0582574,-0.998302,0.521633
14.9854,15,-0.126978,-0.991906,0.496368
14.9959,15,-0.250413,-0.968139,0.546793
14.9854,15,-0.386933,-0.922108,0.471
15.0063,15,-0.532404,-0.846491,0.521633
14.9854,15,-0.637944,-0.770082,0.471
14.9959,15,-0.772037,-0.635577,0.521633
14.9854,15,-0.836548,-0.547894,0.471
14.9749,15,-0.911075,-0.412241,0.521633
14.9749,15,-0.961281,-0.275571,0.471
14.9854,15,-0.991512,-0.130018,0.496368
14.9645,15,-0.998941,0.0460031,0.471
14.9749,15,-0.985014,0.172474,0.521633
14.9749,0,-0.985014,0.172474,0.521633
14.9749,0,-0.926787,0.375587,0.471
14.7341,0,-0.80594,0.591997,0.368498
13.7811,0,-0.732654,0.680602,0.471
13.7811,0,-0.732654,0.680602,0.471
10.0112,0,-0.600615,0.799538,0.368498
8.24144,0,-0.551738,0.834018,0.394277
6.14705,0,-0.512785,0.858517,0.445528
4.46106,0,-0.498226,0.867047,0.471
2.68083,0,-0.491562,0.870843,0.471
1.39277,0,-0.48755,0.873095,0.471
0.79587,0,-0.484868,0.874587,0.471
0.429351,0,-0.483527,0.87533,0.471
0.219911,0,-0.482184,0.87607,0.471
0.125664,0,-0.480838,0.876809,0.471
0.0523599,0,-0.479493,0.877546,0.471
0.0314159,0,-0.480838,0.876809,0.471
-0.0,0,-0.479493,0.877546,0.471
-0.0,0,-0.479493,0.877546,0.471
-0.020944,0,-0.479493,0.877546,0.471
-0.020944,0,-0.479493,0.877546,0.471
-0.0314159,0,-0.479493,0.877546,0.471
-0.0314159,0,-0.479493,0.877546,0.471
-0.0314159,0,-0.479493,0.877546,0.471
-0.0314159,0,-0.479493,0.877546,0.471
-0.0314159,0,-0.479493,0.877546,0.471
-0.0314159,0,-0.479493,0.877546,0.471
-0.0314159,0,-0.479493,0.877546,0.471
-0.0314159,0,-0.479493,0.877546,0.471
-0.0418879,0,-0.480838,0.876809,0.471
-0.0314159,0,-0.480838,0.876809,0.471
-0.0523599,0,-0.480838,0.876809,0.471
-0.0418879,0,-0.480838,0.876809,0.471
-0.0314159,0,-0.480838,0.876809,0.471
-0.0314159,0,-0.480838,0.876809,0.471
-0.0314159,0,-0.480838,0.876809,0.471
-0.020944,0,-0.480838,0.876809,0.471
-0.020944,0,-0.480838,0.876809,0.471
-0.0418879,0,-0.480838,0.876809,0.471
-0.0314159,0,-0.482184,0.87607,0.471
-0.0418879,0,-0.482184,0.87607,0.471
-0.0314159,0,-0.482184,0.87607,0.471
-0.0314159,0,-0.482184,0.87607,0.471
-0.020944,0,-0.482184,0.87607,0.471
-0.020944,0,-0.482184,0.87607,0.471
-0.020944,0,-0.482184,0.87607,0.471
-0.020944,0,-0.482184,0.87607,0.471
-0.020944,0,-0.482184,0.87607,0.471
-0.0314159,0,-0.483527,0.87533,0.471
-0.0314159,0,-0.483527,0.87533,0.471
-0.0418879,0,-0.483527,0.87533,0.471
-0.0314159,0,-0.483527,0.87533,0.471
-0.0314159,0,-0.483527,0.87533,0.471
-0.020944,0,-0.483527,0.87533,0.471
-0.020944,0,-0.484868,0.874587,0.471
-0.0418879,0,-0.483527,0.87533,0.471
-0.0314159,0,-0.484868,0.874587,0.471
-0.0314159,0,-0.484868,0.874587,0.471
-0.0314159,0,-0.484868,0.874587,0.471
-0.020944,0,-0.484868,0.874587,0.471
-0.0418879,0,-0.486209,0.873842,0.471
-0.0314159,0,-0.486209,0.873842,0.471
-0.0314159,0,-0.486209,0.873842,0.471
-0.0314159,0,-0.486209,0.873842,0.471
-0.020944,0,-0.486209,0.873842,0.471
-0.0418879,0,-0.48755,0.873095,0.471
-0.020944,0,-0.48755,0.873095,0.471
-0.0314159,0,-0.48755,0.873095,0.471
-0.0314159,0,-0.48755,0.873095,0.471
-0.020944,0,-0.48755,0.873095,0.471
-0.020944,0,-0.48755,0.873095,0.471
-0.010472,0,-0.48755,0.873095,0.471
-0.010472,0,-0.48755,0.873095,0.471
-0.0418879,0,-0.488889,0.872346,0.471
-0.020944,0,-0.488889,0.872346,0.471
-0.0314159,0,-0.488889,0.872346,0.471
-0.0314159,0,-0.488889,0.872346,0.471
-0.020944,0,-0.488889,0.872346,0.471
-0.010472,0,-0.488889,0.872346,0.471
-0.010472,0,-0.488889,0.872346,0.471
-0.010472,0,-0.488889,0.872346,0.471
-0.010472,0,-0.488889,0.872346,0.471
-0.0314159,0,-0.488889,0.872346,0.471
-0.020944,0,-0.490226,0.871596,0.471
-0.0314159,0,-0.490226,0.871596,0.471
-0.020944,0,-0.490226,0.871596,0.471
-0.020944,0,-0.490226,0.871596,0.471
-0.010472,0,-0.490226,0.871596,0.471
-0.010472,0,-0.490226,0.871596,0.471
-0.010472,0,-0.490226,0.871596,0.471
-0.010472,0,-0.491562,0.870843,0.471
-0.0314159,0,-0.490226,0.871596,0.471
-0.020944,0,-0.491562,0.870843,0.471
-0.0314159,0,-0.491562,0.870843,0.471
-0.020944,0,-0.491562,0.870843,0.471
-0.010472,0,-0.491562,0.870843,0.471
-0.010472,0,-0.491562,0.870843,0.471
-0.010472,0,-0.491562,0.870843,0.471
-0.010472,0,-0.491562,0.870843,0.471
-0.010472,0,-0.491562,0.870843,0.471
-0.020944,0,-0.492897,0.870088,0.471
-0.020944,0,-0.491562,0.870843,0.471
-0.0314159,0,-0.492897,0.870088,0.471
-0.020944,0,-0.492897,0.870088,0.471
-0.020944,0,-0.492897,0.870088,0.471
-0.010472,0,-0.492897,0.870088,0.471
-0.010472,0,-0.492897,0.870088,0.471
-0.010472,0,-0.492897,0.870088,0.471
-0.010472,0,-0.492897,0.870088,0.471
-0.010472,0,-0.492897,0.870088,0.471
-0.010472,0,-0.492897,0.870088,0.471
-0.010472,0,-0.492897,0.870088,0.471
-0.010472,0,-0.492897,0.870088,0.471
-0.010472,0,-0.492897,0.870088,0.471
-0.010472,0,-0.492897,0.870088,0.471
-0.010472,0,-0.494232,0.86933,0.471
-0.020944,0,-0.492897,0.870088,0.471
-0.020944,0,-0.494232,0.86933,0.471
-0.020944,0,-0.494232,0.86933,0.471
-0.010472,0,-0.494232,0.86933,0.471
-0.010472,0,-0.494232,0.86933,0.471
-0.010472,0,-0.494232,0.86933,0.471
-0.010472,0,-0.494232,0.86933,0.471
-0.0,0,-0.494232,0.86933,0.471
-0.0,0,-0.494232,0.86933,0.471
-0.0,0,-0.494232,0.86933,0.471
-0.0,0,-0.494232,0.86933,0.471
-0.0,0,-0.494232,0.86933,0.471
-0.0,0,-0.494232,0.86933,0.471
-0.0,0,-0.494232,0.86933,0.471
-0.0,0,-0.494232,0.86933,0.471
-0.0,0,-0.494232,0.86933,0.471
-0.020944,0,-0.494232,0.86933,0.471
-0.020944,0,-0.495565,0.868571,0.471
-0.020944,0,-0.495565,0.868571,0.471
-0.010472,0,-0.495565,0.868571,0.471
-0.010472,0,-0.495565,0.868571,0.471
-0.010472,0,-0.495565,0.868571,0.471
-0.0,0,-0.495565,0.868571,0.471
-0.0,0,-0.495565,0.868571,0.471
-0.0,0,-0.495565,0.868571,0.471
-0.0,0,-0.495565,0.868571,0.471
-0.0,0,-0.495565,0.868571,0.471
-0.0,0,-0.495565,0.868571,0.471
-0.0,0,-0.495565,0.868571,0.471
-0.0,0,-0.495565,0.868571,0.471
-0.0,0,-0.495565,0.868571,0.471
-0.0,0,-0.495565,0.868571,0.471
-0.0,0,-0.495565,0.868571,0.471
-0.0,0,-0.495565,0.868571,0.471
-0.0,0,-0.495565,0.868571,0.471
-0.0,0,-0.495565,0.868571,0.471
-0.0,0,-0.495565,0.868571,0.471
-0.0,0,-0.495565,0.868571,0.471
-0.0,0,-0.495565,0.868571,0.471
-0.020944,0,-0.496896,0.86781,0.471
-0.010472,0,-0.496896,0.86781,0.471
-0.020944,0,-0.496896,0.86781,0.471
-0.020944,0,-0.496896,0.86781,0.471
-0.010472,0,-0.496896,0.86781,0.471
-0.0,0,-0.496896,0.86781,0.471
-0.0,0,-0.496896,0.86781,0.471
-0.0,0,-0.496896,0.86781,0.471
-0.0,0,-0.496896,0.86781,0.471
-0.0,0,-0.496896,0.86781,0.471
-0.0,0,-0.496896,0.86781,0.471
-0.0,0,-0.496896,0.86781,0.471
-0.0,0,-0.496896,0.86781,0.471
-0.0,0,-0.496896,0.86781,0.471
-0.0,0,-0.496896,0.86781,0.471
-0.0,0,-0.496896,0.86781,0.471
-0.0,0,-0.496896,0.86781,0.471
-0.0,0,-0.496896,0.86781,0.471
-0.0,0,-0.496896,0.86781,0.471
-0.0,0,-0.496896,0.86781,0.471
-0.0,0,-0.496896,0.86781,0.471
-0.0,0,-0.496896,0.86781,0.471
-0.0,0,-0.496896,0.86781,0.471
-0.0,0,-0.496896,0.86781,0.471
-0.0,0,-0.496896,0.86781,0.471
-0.0,0,-0.496896,0.86781,0.471
-0.0,0,-0.496896,0.86781,0.471
-0.0,0,-0.496896,0.86781,0.471
-0.0,0,-0.496896,0.86781,0.471
-0.0,0,-0.496896,0.86781,0.471
-0.0,0,-0.496896,0.86781,0.471
-0.0,0,-0.496896,0.86781,0.471
-0.0,0,-0.496896,0.86781,0.471
-0.020944,0,-0.496896,0.86781,0.471
-0.010472,0,-0.498226,0.867047,0.471
-0.020944,0,-0.498226,0.867047,0.471
-0.010472,0,-0.498226,0.867047,0.471
-0.010472,0,-0.498226,0.867047,0.471
-0.0,0,-0.498226,0.867047,0.471
-0.0,0,-0.498226,0.867047,0.471
-0.0,0,-0.498226,0.867047,0.471
-0.0,0,-0.498226,0.867047,0.471
-0.0,0,-0.498226,0.867047,0.471
-0.0,0,-0.498226,0.867047,0.471
-0.0,0,-0.498226,0.867047,0.471
-0.0,15,-0.498226,0.867047,0.471
-0.0,15,-0.498226,0.867047,0.816539
0.429351,15,-0.48755,0.873095,0.471
1.8326,15,-0.452349,0.891841,0.521633
3.65472,15,-0.399624,0.916679,0.596798
5.78053,15,-0.316592,0.948562,0.596798
7.78068,15,-0.225083,0.97434,0.546793
9.8646,15,-0.107172,0.99424,0.671012
11.7391,15,0.0460037,0.998941,0.471
13.069,15,0.173985,0.984748,0.546793
13.8754,15,0.30931,0.950961,0.496368
14.3257,15,0.445496,0.895284,0.496368
14.5979,15,0.566998,0.823719,0.496368
14.7445,15,0.685085,0.728463,0.521633
14.8283,15,0.783606,0.621258,0.521633
14.8911,15,0.86781,0.496895,0.471
14.9435,15,0.931328,0.364183,0.521633
14.9645,15,0.976037,0.217603,0.471
14.9854,15,0.997618,0.068974,0.521633
15.0063,15,0.996697,-0.0812113,0.471
15.0168,15,0.973644,-0.228072,0.521633
15.0273,15,0.927362,-0.374166,0.471
15.0273,15,0.862423,-0.506189,0.546793
15.0168,15,0.777852,-0.628448,0.471
15.0378,15,0.677223,-0.735778,0.521633
15.0273,15,0.556844,-0.830617,0.471
15.0482,15,0.42894,-0.903333,0.571848
15.0168,15,0.284408,-0.958703,0.471
15.0482,15,0.139139,-0.990273,0.521633
15.0273,15,-0.0122742,-0.999925,0.471
15.0378,15,-0.161889,-0.986809,0.546793
15.0378,15,-0.307851,-0.951435,0.471
15.0378,15,-0.448241,-0.893913,0.546793
15.0482,15,-0.58704,-0.809558,0.471
15.0378,15,-0.703847,-0.710352,0.571848
15.0273,15,-0.810458,-0.585797,0.471
15.0273,15,-0.884081,-0.467333,0.571848
15.0273,15,-0.93734,-0.348417,0.521633
15.0273,15,-0.978318,-0.207109,0.471
15.0168,15,-0.998302,-0.0582561,0.496368
15.0063,15,-0.995625,0.0934375,0.471
14.9959,15,-0.971503,0.237026,0.521633
15.0063,15,-0.924465,0.381267,0.471
15.0063,15,-0.857728,0.514104,0.546793
14.9959,15,-0.770083,0.637944,0.471
15.0168,15,-0.667,0.745058,0.546793
15.0063,15,-0.546608,0.837389,0.471
15.0273,15,-0.413637,0.910442,0.571848
14.9959,15,-0.277044,0.960857,0.471
15.0273,15,-0.125454,0.992099,0.571848
14.9959,15,0.019942,0.999801,0.471
15.0168,15,0.170962,0.985278,0.521633
15.0063,15,0.313683,0.949528,0.496368
14.9959,15,0.455083,0.890449,0.521633
15.0063,15,0.579565,0.814926,0.496368
14.9959,15,0.698378,0.715729,0.496368
14.9959,15,0.795839,0.605509,0.496368
14.9854,15,0.878281,0.478146,0.471
14.9959,15,0.938404,0.345539,0.471
14.9959,15,0.979877,0.1996,0.496368
14.9959,15,0.998476,0.0551928,0.496368
15.0063,15,0.995033,-0.0995442,0.471
15.0063,15,0.968522,-0.248927,0.521633
15.0063,15,0.920917,-0.389758,0.471
15.0063,15,0.854558,-0.519356,0.496368
14.9959,15,0.765166,-0.643834,0.471
15.0063,15,0.65896,-0.752178,0.521633
14.9959,15,0.54017,-0.841556,0.471
15.0168,15,0.409443,-0.912336,0.546793
14.9959,15,0.26819,-0.963366,0.471
15.0273,15,0.120888,-0.992666,0.521633
15.0063,15,-0.0276086,-0.999619,0.471
15.0168,15,-0.178513,-0.983938,0.546793
15.0063,15,-0.331107,-0.943593,0.471
15.0168,15,-0.46462,-0.88551,0.546793
15.0168,15,-0.589523,-0.807752,0.471
15.0168,15,-0.706021,-0.70819,0.521633
15.0063,15,-0.801377,-0.59816,0.496368
14.9959,15,-0.883363,-0.468689,0.546793
15.0063,15,-0.943084,-0.332554,0.471
15.0063,15,-0.98254,-0.186053,0.496368
14.9959,15,-0.999265,-0.0383377,0.496368
14.9959,15,-0.993907,0.110225,0.496368
14.9854,15,-0.966584,0.256351,0.521633
14.9959,15,-0.91729,0.398219,0.471
14.9959,15,-0.847306,0.531105,0.496368
14.9854,15,-0.758209,0.652011,0.471
14.9959,15,-0.653172,0.757209,0.546793
14.9854,15,-0.531104,0.847306,0.471
15.0063,15,-0.399625,0.916679,0.596798
14.9854,15,-0.257828,0.966191,0.471
15.0063,15,-0.111744,0.993737,0.546793
14.9854,15,0.03681,0.999322,0.471
14.9959,15,0.187564,0.982252,0.496368
14.9854,15,0.331108,0.943593,0.471
14.9854,15,0.470044,0.882643,0.496368
14.9854,15,0.594467,0.80412,0.496368
14.9749,15,0.708191,0.706021,0.496368
14.9749,15,0.80594,0.591997,0.496368
14.9749,15,0.885511,0.464619,0.471
14.9749,15,0.9441,0.329659,0.496368
14.9749,15,0.982539,0.186055,0.496368
14.9749,15,0.999265,0.0383403,0.496368
14.9959,15,0.993389,-0.114797,0.471
14.9854,15,0.964993,-0.262276,0.496368
14.9854,15,0.916064,-0.401032,0.471
14.9854,15,0.84649,-0.532405,0.496368
14.9749,15,0.756205,-0.654334,0.471
14.9854,15,0.648514,-0.761202,0.496368
14.9854,15,0.528502,-0.848932,0.471
14.9959,15,0.39681,-0.917901,0.521633
14.9854,15,0.256349,-0.966584,0.471
15.0063,15,0.101069,-0.994879,0.521633
14.9854,15,-0.0475362,-0.99887,0.471
15.0063,15,-0.196595,-0.980485,0.546793
14.9959,15,-0.339777,-0.940506,0.471
15.0168,15,-0.48487,-0.874586,0.521633
15.0063,15,-0.59939,-0.800457,0.471
15.0063,15,-0.714661,-0.699471,0.546793
14.9959,15,-0.809557,-0.587041,0.471
14.9854,15,-0.886932,-0.4619,0.521633
14.9854,15,-0.947095,-0.320953,0.471
14.9959,15,-0.984481,-0.175493,0.496368
14.9854,15,-0.999619,-0.0276065,0.496368
14.9854,15,-0.992666,0.12089,0.471
14.9749,15,-0.962953,0.269669,0.471
14.9854,15,-0.912335,0.409445,0.471
14.9749,15,-0.840725,0.541462,0.521633
14.9749,15,-0.751165,0.660114,0.471
14.9854,15,-0.642655,0.766156,0.521633
14.9749,15,-0.520664,0.853761,0.471
14.9959,15,-0.389756,0.920918,0.521633
14.9749,15,-0.24744,0.968903,0.471
14.9959,15,-0.098016,0.995185,0.546793
14.9645,15,0.0475375,0.998869,0.471
14.9854,15,0.198099,0.980182,0.521633
14.9749,15,0.345541,0.938404,0.471
14.9749,15,0.479494,0.877545,0.496368
14.9749,15,0.604289,0.796765,0.471
14.9645,15,0.720004,0.69397,0.496368
14.9645,15,0.811355,0.584554,0.496368
14.9645,15,0.89045,0.455081,0.471
14.9645,15,0.947587,0.319499,0.471
14.9749,15,0.984481,0.175491,0.521633
14.9645,15,0.999619,0.0276052,0.496368
14.9854,15,0.991906,-0.126978,0.496368
14.9749,15,0.962121,-0.272622,0.496368
14.9854,15,0.910441,-0.413639,0.471
14.9749,15,0.83906,-0.544039,0.496368
14.9749,15,0.74812,-0.663564,0.471
14.9854,15,0.641481,-0.767139,0.521633
14.9749,15,0.518042,-0.855355,0.471
14.9959,15,0.385514,-0.922702,0.521633
14.9749,15,0.242978,-0.970032,0.471
15.0063,15,0.0934354,-0.995625,0.521633
14.9854,15,-0.0551962,-0.998476,0.471
15.0063,15,-0.204109,-0.978948,0.521633
14.9854,15,-0.346981,-0.937872,0.471
15.0063,15,-0.500886,-0.865513,0.521633
14.9959,15,-0.609169,-0.79304,0.471
14.9959,15,-0.721068,-0.692864,0.546793
14.9854,15,-0.817586,-0.575807,0.471
14.9854,15,-0.893225,-0.44961,0.546793
14.9854,15,-0.950009,-0.312223,0.471
14.9854,15,-0.986809,-0.161886,0.496368
14.9749,15,-0.999858,-0.0168721,0.471
14.9749,15,-0.991108,0.133061,0.496368
14.9645,15,-0.960002,0.279992,0.471
14.9749,15,-0.903989,0.427556,0.496368
14.9645,15,-0.835706,0.549176,0.521633
14.9749,15,-0.733696,0.679478,0.471
14.9749,15,-0.63676,0.771062,0.521633
14.9749,15,-0.512785,0.858517,0.471
14.9854,15,-0.362756,0.931884,0.521633
14.9645,15,-0.234042,0.972227,0.471
14.9854,15,-0.0888527,0.996045,0.521633
14.9645,15,0.0613211,0.998118,0.471
14.9854,15,0.210112,0.977677,0.521633
14.9645,15,0.369894,0.929074,0.471
14.9749,15,0.487553,0.873093,0.521633
14.9749,15,0.610383,0.792107,0.471
14.9645,15,0.72319,0.690649,0.471
14.9645,15,0.816702,0.577059,0.471
14.9645,15,0.895967,0.444121,0.471
14.9645,15,0.950962,0.309307,0.471
14.9645,15,0.98656,0.163398,0.521633
14.9645,15,0.999925,0.0122708,0.471
14.9854,15,0.990485,-0.13762,0.496368
14.9749,15,0.96043,-0.278521,0.471
14.9749,15,0.904643,-0.42617,0.471
14.9645,15,0.833168,-0.55302,0.496368
14.9749,15,0.740949,-0.671561,0.471
14.9749,15,0.634391,-0.773013,0.496368
14.9749,15,0.508829,-0.860868,0.471
14.9854,15,0.378425,-0.925632,0.521633
14.9749,15,0.232549,-0.972585,0.471
14.9959,15,0.0873239,-0.99618,0.521633
14.9749,15,-0.0643833,-0.997925,0.471
14.9959,15,-0.21311,-0.977028,0.546793
14.9749,15,-0.358466,-0.933543,0.471
15.0063,0,-0.495567,-0.86857,0.521633
14.9749,0,-0.629639,-0.776888,0.342617
14.5875,0,-0.722129,-0.691759,0.419954
13.1528,0,-0.80412,-0.594467,0.394277
11.4982,0,-0.847308,-0.531102,0.471
9.47714,0,-0.884083,-0.46733,0.471
7.49793,0,-0.908529,-0.417823,0.394277
5.68628,0,-0.923292,-0.384099,0.342617
3.22537,0,-0.931885,-0.362754,0.471
2.32478,0,-0.932993,-0.359894,0.471
1.28805,0,-0.935185,-0.354161,0.471
0.722566,0,-0.936266,-0.351291,0.471
0.408407,0,-0.937339,-0.348418,0.471
0.230383,0,-0.937873,-0.34698,0.471
0.136136,0,-0.938404,-0.345541,0.471
0.0628319,0,-0.938404,-0.345541,0.471
0.010472,0,-0.938404,-0.345541,0.471
-0.0,0,-0.938404,-0.345541,0.471
-0.020944,0,-0.938404,-0.345541,0.471
-0.020944,0,-0.938404,-0.345541,0.471
-0.0314159,0,-0.938404,-0.345541,0.471
-0.0314159,0,-0.938404,-0.345541,0.471
-0.0314159,0,-0.938404,-0.345541,0.471
-0.0314159,0,-0.938404,-0.345541,0.471
-0.0314159,0,-0.938404,-0.345541,0.471
-0.0314159,0,-0.938404,-0.345541,0.471
-0.0314159,0,-0.938404,-0.345541,0.471
-0.0314159,0,-0.938404,-0.345541,0.471
-0.0314159,0,-0.938404,-0.345541,0.445528
-0.0314159,0,-0.938404,-0.345541,0.471
-0.020944,0,-0.938404,-0.345541,0.471
-0.020944,0,-0.938404,-0.345541,0.445528
-0.020944,0,-0.938404,-0.345541,0.471
-0.0418879,0,-0.938404,-0.345541,0.445528
-0.0314159,0,-0.937873,-0.34698,0.471
-0.0418879,0,-0.937873,-0.34698,0.471
-0.0418879,0,-0.937873,-0.34698,0.445528
-0.0314159,0,-0.937873,-0.34698,0.445528
-0.0314159,0,-0.937873,-0.34698,0.445528
-0.020944,0,-0.937873,-0.34698,0.445528
-0.020944,0,-0.937873,-0.34698,0.445528
-0.020944,0,-0.937873,-0.34698,0.445528
-0.020944,0,-0.937873,-0.34698,0.445528
-0.020944,0,-0.937873,-0.34698,0.445528
-0.020944,0,-0.937873,-0.34698,0.445528
-0.020944,0,-0.937873,-0.34698,0.445528
-0.0418879,0,-0.937873,-0.34698,0.419954
-0.0314159,0,-0.937339,-0.348418,0.471
-0.0418879,0,-0.937339,-0.348418,0.445528
-0.0314159,0,-0.937339,-0.348418,0.445528
-0.020944,0,-0.937339,-0.348418,0.445528
-0.020944,0,-0.937339,-0.348418,0.419954
-0.020944,0,-0.937339,-0.348418,0.445528
-0.020944,0,-0.937339,-0.348418,0.445528
-0.020944,0,-0.937339,-0.348418,0.445528
-0.020944,0,-0.937339,-0.348418,0.445528
-0.020944,0,-0.937339,-0.348418,0.471
-0.0418879,0,-0.937339,-0.348418,0.419954
-0.0314159,0,-0.936804,-0.349855,0.471
-0.0314159,0,-0.936804,-0.349855,0.445528
-0.0314159,0,-0.936804,-0.349855,0.445528
-0.020944,0,-0.936804,-0.349855,0.445528
-0.020944,0,-0.936804,-0.349855,0.419954
-0.020944,0,-0.936804,-0.349855,0.445528
-0.020944,0,-0.936804,-0.349855,0.445528
-0.010472,0,-0.936804,-0.349855,0.445528
-0.020944,0,-0.936266,-0.351291,0.471
-0.0314159,0,-0.936804,-0.349855,0.445528
-0.0314159,0,-0.936266,-0.351291,0.445528
-0.0314159,0,-0.936266,-0.351291,0.445528
-0.020944,0,-0.936266,-0.351291,0.445528
-0.020944,0,-0.936266,-0.351291,0.445528
-0.010472,0,-0.936266,-0.351291,0.445528
-0.010472,0,-0.936266,-0.351291,0.445528
-0.010472,0,-0.936266,-0.351291,0.445528
-0.010472,0,-0.936266,-0.351291,0.445528
-0.010472,0,-0.936266,-0.351291,0.445528
-0.010472,0,-0.936266,-0.351291,0.419954
-0.020944,0,-0.935727,-0.352726,0.445528
-0.020944,0,-0.935727,-0.352726,0.445528
-0.0314159,0,-0.935727,-0.352726,0.445528
-0.0314159,0,-0.935727,-0.352726,0.445528
-0.020944,0,-0.935727,-0.352726,0.445528
-0.010472,0,-0.935727,-0.352726,0.445528
-0.010472,0,-0.935727,-0.352726,0.419954
-0.010472,0,-0.935727,-0.352726,0.445528
-0.010472,0,-0.935727,-0.352726,0.445528
-0.010472,0,-0.935727,-0.352726,0.445528
-0.010472,0,-0.935727,-0.352726,0.445528
-0.010472,0,-0.935727,-0.352726,0.419954
-0.020944,0,-0.935185,-0.354161,0.445528
-0.020944,0,-0.935727,-0.352726,0.445528
-0.0314159,0,-0.935185,-0.354161,0.445528
-0.020944,0,-0.935185,-0.354161,0.419954
-0.020944,0,-0.935185,-0.354161,0.419954
-0.010472,0,-0.935185,-0.354161,0.445528
-0.010472,0,-0.935185,-0.354161,0.419954
-0.010472,0,-0.935185,-0.354161,0.419954
-0.010472,0,-0.935185,-0.354161,0.419954
-0.010472,0,-0.935185,-0.354161,0.445528
-0.010472,0,-0.935185,-0.354161,0.445528
-0.010472,0,-0.935185,-0.354161,0.419954
-0.010472,0,-0.935185,-0.354161,0.445528
-0.010472,0,-0.935185,-0.354161,0.419954
-0.010472,0,-0.935185,-0.354161,0.419954
-0.010472,0,-0.935185,-0.354161,0.419954
-0.010472,0,-0.935185,-0.354161,0.419954
-0.010472,0,-0.935185,-0.354161,0.445528
-0.0314159,0,-0.935185,-0.354161,0.419954
-0.020944,0,-0.93464,-0.355594,0.445528
-0.020944,0,-0.93464,-0.355594,0.445528
-0.020944,0,-0.93464,-0.355594,0.419954
-0.010472,0,-0.93464,-0.355594,0.419954
-0.010472,0,-0.93464,-0.355594,0.419954
-0.010472,0,-0.93464,-0.355594,0.445528
-0.010472,0,-0.93464,-0.355594,0.419954
-0.010472,0,-0.93464,-0.355594,0.419954
-0.010472,0,-0.93464,-0.355594,0.445528
-0.0,0,-0.93464,-0.355594,0.419954
-0.0,0,-0.93464,-0.355594,0.419954
-0.0,0,-0.93464,-0.355594,0.445528
-0.0,0,-0.93464,-0.355594,0.419954
-0.0,0,-0.93464,-0.355594,0.419954
-0.0,0,-0.93464,-0.355594,0.419954
-0.0,0,-0.93464,-0.355594,0.419954
-0.020944,0,-0.93464,-0.355594,0.394277
-0.010472,0,-0.934093,-0.357031,0.445528
-0.020944,0,-0.934093,-0.357031,0.445528
-0.020944,0,-0.934093,-0.357031,0.445528
-0.010472,0,-0.934093,-0.357031,0.419954
-0.010472,0,-0.934093,-0.357031,0.445528
-0.0,0,-0.934093,-0.357031,0.445528
-0.0,0,-0.934093,-0.357031,0.445528
-0.0,0,-0.934093,-0.357031,0.445528
-0.0,0,-0.934093,-0.357031,0.445528
-0.0,0,-0.934093,-0.357031,0.445528
-0.0,0,-0.934093,-0.357031,0.419954
-0.0,0,-0.934093,-0.357031,0.419954
-0.0,0,-0.934093,-0.357031,0.445528
-0.0,0,-0.934093,-0.357031,0.419954
-0.0,0,-0.934093,-0.357031,0.419954
-0.0,0,-0.934093,-0.357031,0.419954
-0.0,0,-0.934093,-0.357031,0.445528
-0.0,0,-0.934093,-0.357031,0.445528
-0.0,0,-0.934093,-0.357031,0.419954
-0.0,0,-0.934093,-0.357031,0.445528
-0.0,0,-0.934093,-0.357031,0.419954
-0.0,0,-0.934093,-0.357031,0.419954
-0.0,0,-0.934093,-0.357031,0.419954
-0.0,0,-0.934093,-0.357031,0.419954
-0.0,0,-0.934093,-0.357031,0.445528
-0.0,0,-0.934093,-0.357031,0.419954
-0.0,0,-0.934093,-0.357031,0.419954
-0.0,0,-0.934093,-0.357031,0.419954
-0.010472,0,-0.933544,-0.358463,0.445528
-0.010472,0,-0.933544,-0.358463,0.445528
-0.020944,0,-0.933544,-0.358463,0.445528
-0.020944,0,-0.933544,-0.358463,0.445528
-0.010472,0,-0.933544,-0.358463,0.394277
-0.010472,0,-0.933544,-0.358463,0.445528
-0.0,0,-0.933544,-0.358463,0.419954
-0.0,0,-0.933544,-0.358463,0.445528
-0.0,0,-0.933544,-0.358463,0.445528
-0.0,0,-0.933544,-0.358463,0.419954
-0.0,0,-0.933544,-0.358463,0.419954
-0.0,0,-0.933544,-0.358463,0.419954
-0.0,0,-0.933544,-0.358463,0.419954
-0.0,0,-0.933544,-0.358463,0.419954
-0.0,0,-0.933544,-0.358463,0.419954
-0.0,0,-0.933544,-0.358463,0.419954
-0.0,0,-0.933544,-0.358463,0.445528
-0.0,0,-0.933544,-0.358463,0.419954
-0.0,0,-0.933544,-0.358463,0.419954
-0.0,0,-0.933544,-0.358463,0.419954
-0.0,0,-0.933544,-0.358463,0.419954
-0.0,0,-0.933544,-0.358463,0.419954
-0.0,0,-0.933544,-0.358463,0.445528
-0.0,0,-0.933544,-0.358463,0.445528
-0.0,0,-0.933544,-0.358463,0.445528
-0.0,0,-0.933544,-0.358463,0.419954
-0.0,0,-0.933544,-0.358463,0.445528
-0.0,0,-0.933544,-0.358463,0.445528
-0.0,0,-0.933544,-0.358463,0.419954
-0.0,0,-0.933544,-0.358463,0.419954
-0.0,0,-0.933544,-0.358463,0.419954
-0.0,0,-0.933544,-0.358463,0.445528
-0.0,0,-0.933544,-0.358463,0.445528
-0.0,0,-0.933544,-0.358463,0.419954
-0.0,0,-0.933544,-0.358463,0.419954
-0.0,0,-0.933544,-0.358463,0.445528
-0.0,0,-0.933544,-0.358463,0.419954
-0.0,0,-0.933544,-0.358463,0.419954
-0.0,0,-0.933544,-0.358463,0.419954
-0.0,0,-0.933544,-0.358463,0.419954
-0.0,0,-0.933544,-0.358463,0.419954
-0.0,0,-0.933544,-0.358463,0.445528
-0.0,0,-0.933544,-0.358463,0.419954
-0.0,0,-0.933544,-0.358463,0.419954
-0.0,0,-0.933544,-0.358463,0.419954
-0.0,0,-0.933544,-0.358463,0.394277
-0.0,15,-0.933544,-0.358463,0.419954
-0.0,15,-0.933544,-0.358463,0.521633
0.408407,15,-0.937339,-0.348418,0.646381
1.76976,15,-0.950486,-0.310767,0.596798
3.43481,15,-0.964993,-0.262275,0.496368
5.27788,15,-0.981379,-0.19208,0.445528
7.08953,15,-0.994723,-0.102593,0.596798
8.88024,15,-0.999981,0.00613606,0.571848
10.7966,15,-0.990695,0.136103,0.496368
12.4093,15,-0.962121,0.272622,0.471
13.4774,15,-0.915449,0.402435,0.471
14.1058,15,-0.847306,0.531105,0.496368
14.4304,15,-0.762195,0.647348,0.471
14.6712,15,-0.657805,0.753188,0.521633
14.776,15,-0.537585,0.843209,0.471
14.8807,15,-0.408042,0.912963,0.521633
14.9121,15,-0.269666,0.962954,0.471
14.9645,15,-0.120886,0.992666,0.521633
14.9645,15,0.024544,0.999699,0.471
14.9959,15,0.178515,0.983937,0.496368
14.9959,15,0.319504,0.947585,0.496368
15.0063,15,0.459177,0.888345,0.496368
15.0168,15,0.584555,0.811354,0.496368
15.0063,15,0.702757,0.71143,0.471
15.0063,15,0.799539,0.600614,0.496368
15.0063,15,0.881198,0.472747,0.471
15.0168,15,0.941544,0.336891,0.471
15.0168,15,0.981674,0.19057,0.471
15.0063,15,0.998941,0.0460047,0.471
15.0168,15,0.994564,-0.104127,0.471
15.0168,15,0.962539,-0.271144,0.471
15.0168,15,0.918507,-0.395405,0.471
15.0168,15,0.84893,-0.528505,0.496368
15.0063,15,0.7612,-0.648517,0.471
15.0273,15,0.657804,-0.753189,0.546793
15.0063,15,0.534996,-0.844855,0.471
15.0273,15,0.405239,-0.914211,0.496368
15.0063,15,0.263752,-0.96459,0.471
15.0273,15,0.114794,-0.993389,0.521633
15.0063,15,-0.0337424,-0.999431,0.471
15.0273,15,-0.211611,-0.977354,0.521633
15.0063,15,-0.32821,-0.944605,0.471
15.0273,15,-0.468688,-0.883364,0.521633
15.0273,15,-0.596935,-0.80229,0.471
15.0168,15,-0.707106,-0.707108,0.496368
15.0168,15,-0.805943,-0.591992,0.496368
15.0063,15,-0.884084,-0.467328,0.521633
15.0063,15,-0.944606,-0.328205,0.496368
15.0168,15,-0.982824,-0.184543,0.471
15.0063,15,-0.999378,-0.0352702,0.496368
15.0063,15,-0.993564,0.113275,0.471
14.9959,15,-0.964589,0.263757,0.471
15.0063,15,-0.914209,0.405243,0.471
14.9959,15,-0.844852,0.535,0.521633
14.9959,15,-0.753186,0.657807,0.471
15.0063,15,-0.648513,0.761203,0.521633
14.9959,15,-0.525895,0.85055,0.471
15.0168,15,-0.395401,0.918509,0.546793
14.9959,15,-0.251898,0.967754,0.471
15.0168,15,-0.105647,0.994404,0.521633
14.9959,15,0.0460019,0.998941,0.471
15.0063,15,0.195089,0.980786,0.471
14.9959,15,0.338332,0.941027,0.471
14.9959,15,0.494231,0.869331,0.471
14.9959,15,0.609168,0.793041,0.471
14.9854,15,0.714662,0.69947,0.471
14.9854,15,0.811357,0.584551,0.496368
14.9854,15,0.88905,0.45781,0.471
14.9854,15,0.950486,0.310767,0.471
14.9854,15,0.984211,0.177001,0.496368
14.9854,15,0.999619,0.0276052,0.471
14.9959,15,0.99229,-0.123935,0.471
14.9854,15,0.962538,-0.271147,0.471
14.9959,15,0.908529,-0.417823,0.471
14.9854,15,0.840725,-0.541463,0.496368
14.9854,15,0.743005,-0.669286,0.471
14.9959,15,0.642657,-0.766154,0.521633
14.9959,15,0.516733,-0.856146,0.471
15.0063,15,0.386932,-0.922108,0.496368
14.9854,15,0.242982,-0.970031,0.471
15.0168,15,0.0964847,-0.995334,0.521633
14.9854,15,-0.0536688,-0.998559,0.471
15.0063,15,-0.204113,-0.978947,0.521633
14.9959,15,-0.346984,-0.937871,0.471
15.0168,15,-0.48353,-0.875328,0.521633
15.0063,15,-0.607953,-0.793973,0.471
15.0063,15,-0.720005,-0.693969,0.496368
14.9959,15,-0.817586,-0.575807,0.471
14.9959,15,-0.892535,-0.450979,0.521633
14.9959,15,-0.950009,-0.312223,0.471
14.9959,15,-0.985798,-0.167936,0.496368
14.9854,15,-0.999801,-0.0199386,0.496368
14.9959,15,-0.991311,0.131541,0.471
14.9854,15,-0.960002,0.279993,0.471
14.9959,15,-0.908528,0.417824,0.471
14.9749,15,-0.835706,0.549176,0.496368
14.9854,15,-0.74608,0.665856,0.471
14.9854,15,-0.635579,0.772036,0.521633
14.9854,15,-0.514104,0.857728,0.471
14.9959,15,-0.378423,0.925633,0.521633
14.9749,15,-0.237019,0.971505,0.471
14.9959,15,-0.0873213,0.99618,0.521633
14.9749,15,0.0613249,0.998118,0.471
14.9959,15,0.210115,0.977677,0.496368
14.9749,15,0.351297,0.936264,0.471
14.9854,15,0.490229,0.871594,0.471
14.9854,15,0.612812,0.790228,0.471
14.9749,15,0.725305,0.688427,0.471
14.9749,15,0.817586,0.575806,0.471
14.9645,15,0.893914,0.448238,0.471
14.9749,15,0.950962,0.309307,0.471
14.9749,15,0.98681,0.161885,0.496368
14.9749,15,0.999905,0.0138041,0.471
14.9854,15,0.990485,-0.13762,0.496368
14.9749,15,0.959139,-0.282937,0.496368
14.9854,15,0.906596,-0.422,0.471
14.9749,15,0.834017,-0.551738,0.496368
14.9854,15,0.741981,-0.670421,0.471
14.9854,15,0.634394,-0.77301,0.521633
14.9854,15,0.508825,-0.86087,0.471
14.9959,15,0.375581,-0.92679,0.521633
14.9749,15,0.220596,-0.975365,0.471
15.0063,15,0.0827362,-0.996571,0.496368
14.9854,15,-0.0842749,-0.996443,0.471
14.9959,15,-0.214612,-0.976699,0.496368
14.9854,15,-0.357034,-0.934091,0.471
15.0063,15,-0.492901,-0.870086,0.521633
14.9959,15,-0.617649,-0.786454,0.471
14.9959,15,-0.728466,-0.685082,0.496368
14.9854,15,-0.823721,-0.566995,0.471
14.9854,15,-0.898001,-0.439993,0.521633
14.9854,15,-0.953306,-0.302005,0.471
14.9854,15,-0.987784,-0.155828,0.496368
14.9749,15,-0.999981,-0.0061357,0.471
14.9854,15,-0.989622,0.143695,0.496368
14.9645,15,-0.956941,0.290284,0.471
14.9854,15,-0.903989,0.427555,0.471
14.9645,15,-0.828905,0.55939,0.496368
14.9749,15,-0.736818,0.676092,0.471
14.9749,15,-0.627247,0.77882,0.521633
14.9749,15,-0.504858,0.863202,0.471
14.9854,15,-0.371312,0.928508,0.521633
14.9645,15,-0.226574,0.973994,0.471
14.9959,15,-0.079678,0.996821,0.521633
14.9645,15,0.0705085,0.997511,0.471
14.9854,15,0.219105,0.975701,0.496368
14.9645,15,0.361329,0.932438,0.471
14.9749,15,0.496899,0.867808,0.471
14.9749,15,0.620059,0.784555,0.471
14.9645,15,0.730564,0.682844,0.471
14.9645,15,0.823722,0.566994,0.471
14.9645,15,0.898675,0.438614,0.471
14.9749,15,0.954686,0.297615,0.471
14.9749,15,0.988258,0.152796,0.496368
14.9645,15,0.999995,0.00306744,0.471
14.9854,15,0.989622,-0.143696,0.471
14.9749,15,0.956494,-0.291752,0.471
14.9854,15,0.902012,-0.43171,0.471
14.9645,15,0.828045,-0.560661,0.496368
14.9749,15,0.73474,-0.678349,0.471
14.9749,15,0.626057,-0.779777,0.521633
14.9854,15,0.498224,-0.867048,0.471
14.9854,15,0.367035,-0.930207,0.521633
14.9749,15,0.213109,-0.977028,0.471
14.9959,15,0.0766191,-0.99706,0.521633
14.9749,15,-0.0735688,-0.99729,0.471
14.9959,15,-0.223592,-0.974683,0.546793
14.9749,15,-0.365616,-0.930766,0.471
14.9959,15,-0.502214,-0.864743,0.521633
14.9854,15,-0.623663,-0.781693,0.471
14.9959,15,-0.732656,-0.680599,0.521633
14.9854,15,-0.826322,-0.563198,0.471
14.9749,15,-0.902013,-0.43171,0.521633
14.9854,15,-0.95694,-0.290285,0.471
14.9854,15,-0.989177,-0.14673,0.496368
14.9749,15,-0.999995,0.00306787,0.471
14.9749,15,-0.98895,0.148248,0.496368
14.9645,15,-0.955141,0.296151,0.471
14.9854,15,-0.898672,0.438622,0.471
14.9645,15,-0.823717,0.567001,0.496368
14.9749,15,-0.730559,0.68285,0.471
14.9749,15,-0.621255,0.783608,0.471
14.9749,15,-0.495561,0.868573,0.471
14.9854,15,-0.361321,0.932441,0.521633
14.9645,15,-0.214606,0.976701,0.471
14.9854,15,-0.0674407,0.997723,0.521633
14.9645,15,0.0812146,0.996697,0.471
14.9854,15,0.228075,0.973644,0.546793
14.9645,15,0.37132,0.928505,0.471
14.9749,15,0.504865,0.863198,0.521633
14.9645,15,0.626059,0.779776,0.471
14.9645,15,0.736818,0.676091,0.496368
14.954,15,0.829762,0.558117,0.471
14.954,15,0.903333,0.42894,0.471
14.9645,15,0.956494,0.291751,0.471
14.9645,15,0.989622,0.143694,0.521633
14.9645,15,0.999971,-0.0076696,0.471
14.9749,15,0.988022,-0.154313,0.471
14.9645,15,0.953768,-0.300543,0.471
14.9749,15,0.898001,-0.439994,0.471
14.9645,0,0.821974,-0.569526,0.496368
14.9749,0,0.721064,-0.692868,0.471
14.5351,0,0.620058,-0.784556,0.368498
13.2156,0,0.521975,-0.852961,0.445528
11.5192,0,0.452344,-0.891843,0.445528
9.51903,0,0.384095,-0.923294,0.368498
7.64454,0,0.333995,-0.942575,0.394277
5.73864,0,0.297615,-0.954686,0.394277
3.96888,0,0.278518,-0.960431,0.445528
2.39808,0,0.269669,-0.962953,0.471
1.34041,0,0.26375,-0.964591,0.471
0.764454,0,0.26079,-0.965395,0.471
0.439823,0,0.256346,-0.966585,0.471
0.251327,0,0.254864,-0.966977,0.471
0.136136,0,0.253381,-0.967367,0.471
0.0837758,0,0.253381,-0.967367,0.471
0.020944,0,0.253381,-0.967367,0.471
-0.0,0,0.253381,-0.967367,0.471
-0.010472,0,0.253381,-0.967367,0.471
-0.020944,0,0.253381,-0.967367,0.471
-0.020944,0,0.253381,-0.967367,0.471
-0.0314159,0,0.253381,-0.967367,0.471
-0.0314159,0,0.253381,-0.967367,0.471
-0.0314159,0,0.253381,-0.967367,0.471
-0.0314159,0,0.253381,-0.967367,0.471
-0.0314159,0,0.253381,-0.967367,0.471
-0.0314159,0,0.253381,-0.967367,0.471
-0.0314159,0,0.253381,-0.967367,0.471
-0.0418879,0,0.254864,-0.966977,0.471
-0.0314159,0,0.254864,-0.966977,0.471
-0.0418879,0,0.254864,-0.966977,0.471
-0.0418879,0,0.254864,-0.966977,0.471
-0.0314159,0,0.254864,-0.966977,0.471
-0.0314159,0,0.254864,-0.966977,0.471
-0.020944,0,0.254864,-0.966977,0.471
-0.020944,0,0.254864,-0.966977,0.471
-0.020944,0,0.254864,-0.966977,0.471
-0.020944,0,0.254864,-0.966977,0.471
-0.0314159,0,0.256346,-0.966585,0.471
-0.0314159,0,0.256346,-0.966585,0.471
-0.0418879,0,0.256346,-0.966585,0.471
-0.0418879,0,0.256346,-0.966585,0.471
-0.0314159,0,0.256346,-0.966585,0.471
-0.020944,0,0.256346,-0.966585,0.471
-0.020944,0,0.256346,-0.966585,0.471
-0.020944,0,0.256346,-0.966585,0.471
-0.020944,0,0.257828,-0.966191,0.471
-0.0418879,0,0.256346,-0.966585,0.471
-0.0418879,0,0.257828,-0.966191,0.471
-0.0314159,0,0.257828,-0.966191,0.471
-0.0314159,0,0.257828,-0.966191,0.471
-0.020944,0,0.257828,-0.966191,0.471
-0.0314159,0,0.25931,-0.965794,0.471
-0.0314159,0,0.25931,-0.965794,0.471
-0.0418879,0,0.25931,-0.965794,0.471
-0.0314159,0,0.25931,-0.965794,0.471
-0.020944,0,0.25931,-0.965794,0.471
-0.0418879,0,0.25931,-0.965794,0.471
-0.0314159,0,0.26079,-0.965395,0.471
-0.0314159,0,0.26079,-0.965395,0.471
-0.0314159,0,0.26079,-0.965395,0.471
-0.020944,0,0.26079,-0.965395,0.471
-0.020944,0,0.26079,-0.965395,0.471
-0.0418879,0,0.26079,-0.965395,0.471
-0.0314159,0,0.26227,-0.964994,0.471
-0.0314159,0,0.26227,-0.964994,0.471
-0.020944,0,0.26227,-0.964994,0.471
-0.020944,0,0.26227,-0.964994,0.471
-0.0314159,0,0.26375,-0.964591,0.471
-0.0314159,0,0.26375,-0.964591,0.471
-0.0314159,0,0.26375,-0.964591,0.471
-0.0314159,0,0.26375,-0.964591,0.471
-0.020944,0,0.26375,-0.964591,0.471
-0.020944,0,0.26375,-0.964591,0.471
-0.020944,0,0.265229,-0.964185,0.471
-0.020944,0,0.265229,-0.964185,0.471
-0.0314159,0,0.265229,-0.964185,0.471
-0.0314159,0,0.265229,-0.964185,0.445528
-0.020944,0,0.265229,-0.964185,0.471
-0.010472,0,0.265229,-0.964185,0.471
-0.010472,0,0.266707,-0.963778,0.471
-0.0314159,0,0.265229,-0.964185,0.471
-0.0314159,0,0.266707,-0.963778,0.471
-0.0314159,0,0.266707,-0.963778,0.471
-0.020944,0,0.266707,-0.963778,0.471
-0.010472,0,0.266707,-0.963778,0.471
-0.010472,0,0.266707,-0.963778,0.471
-0.010472,0,0.266707,-0.963778,0.471
-0.010472,0,0.266707,-0.963778,0.471
-0.020944,0,0.268185,-0.963367,0.471
-0.020944,0,0.268185,-0.963367,0.471
-0.0314159,0,0.268185,-0.963367,0.471
-0.020944,0,0.268185,-0.963367,0.471
-0.020944,0,0.268185,-0.963367,0.471
-0.010472,0,0.268185,-0.963367,0.471
-0.010472,0,0.268185,-0.963367,0.471
-0.010472,0,0.268185,-0.963367,0.471
-0.0314159,0,0.268185,-0.963367,0.445528
-0.020944,0,0.269669,-0.962953,0.471
-0.0314159,0,0.269669,-0.962953,0.471
-0.020944,0,0.269669,-0.962953,0.471
-0.010472,0,0.269669,-0.962953,0.471
-0.010472,0,0.269669,-0.962953,0.445528
-0.010472,0,0.269669,-0.962953,0.471
-0.010472,0,0.269669,-0.962953,0.471
-0.010472,0,0.269669,-0.962953,0.471
-0.010472,0,0.269669,-0.962953,0.471
-0.0314159,0,0.271146,-0.962538,0.471
-0.010472,0,0.271146,-0.962538,0.471
-0.020944,0,0.271146,-0.962538,0.471
-0.020944,0,0.271146,-0.962538,0.471
-0.010472,0,0.271146,-0.962538,0.471
-0.010472,0,0.271146,-0.962538,0.445528
-0.010472,0,0.271146,-0.962538,0.471
-0.0,0,0.271146,-0.962538,0.471
-0.0,0,0.271146,-0.962538,0.471
-0.020944,0,0.272621,-0.962121,0.471
-0.010472,0,0.272621,-0.962121,0.471
-0.020944,0,0.272621,-0.962121,0.471
-0.020944,0,0.272621,-0.962121,0.471
-0.010472,0,0.272621,-0.962121,0.471
-0.010472,0,0.272621,-0.962121,0.471
-0.0,0,0.272621,-0.962121,0.471
-0.0,0,0.272621,-0.962121,0.471
-0.0,0,0.272621,-0.962121,0.471
-0.0,0,0.272621,-0.962121,0.471
-0.0,0,0.272621,-0.962121,0.471
-0.0,0,0.272621,-0.962121,0.471
-0.0,0,0.272621,-0.962121,0.471
-0.0,0,0.272621,-0.962121,0.471
-0.0,0,0.272621,-0.962121,0.471
-0.010472,0,0.274096,-0.961702,0.471
-0.010472,0,0.272621,-0.962121,0.471
-0.020944,0,0.274096,-0.961702,0.471
-0.020944,0,0.274096,-0.961702,0.471
-0.010472,0,0.274096,-0.961702,0.471
-0.010472,0,0.274096,-0.961702,0.471
-0.0,0,0.274096,-0.961702,0.471
-0.0,0,0.274096,-0.961702,0.471
-0.0,0,0.274096,-0.961702,0.471
-0.0,0,0.274096,-0.961702,0.471
-0.0,0,0.274096,-0.961702,0.471
-0.0,0,0.274096,-0.961702,0.471
-0.0,0,0.274096,-0.961702,0.471
-0.0,0,0.274096,-0.961702,0.471
-0.0,0,0.274096,-0.961702,0.471
-0.0,0,0.274096,-0.961702,0.471
-0.0,0,0.274096,-0.961702,0.471
-0.0,0,0.274096,-0.961702,0.471
-0.020944,0,0.275571,-0.961281,0.471
-0.010472,0,0.275571,-0.961281,0.471
-0.020944,0,0.275571,-0.961281,0.471
-0.010472,0,0.275571,-0.961281,0.471
-0.010472,0,0.275571,-0.961281,0.471
-0.0,0,0.275571,-0.961281,0.471
-0.0,0,0.275571,-0.961281,0.471
-0.0,0,0.275571,-0.961281,0.471
-0.0,0,0.275571,-0.961281,0.471
-0.0,0,0.275571,-0.961281,0.471
-0.0,0,0.275571,-0.961281,0.471
-0.0,0,0.275571,-0.961281,0.471
-0.0,0,0.275571,-0.961281,0.471
-0.0,0,0.275571,-0.961281,0.471
-0.0,0,0.275571,-0.961281,0.471
-0.0,0,0.275571,-0.961281,0.471
-0.0,0,0.275571,-0.961281,0.471
-0.0,0,0.275571,-0.961281,0.471
-0.0,0,0.275571,-0.961281,0.471
-0.0,0,0.275571,-0.961281,0.471
-0.0,0,0.275571,-0.961281,0.471
-0.0,0,0.275571,-0.961281,0.471
-0.0,0,0.275571,-0.961281,0.471
-0.0,0,0.275571,-0.961281,0.471
-0.0,0,0.275571,-0.961281,0.471
-0.0,0,0.275571,-0.961281,0.471
-0.010472,0,0.277045,-0.960857,0.471
-0.010472,0,0.275571,-0.961281,0.471
-0.020944,0,0.277045,-0.960857,0.471
-0.020944,0,0.277045,-0.960857,0.471
-0.010472,0,0.277045,-0.960857,0.471
-0.0,0,0.277045,-0.960857,0.471
-0.0,0,0.277045,-0.960857,0.471
-0.0,0,0.277045,-0.960857,0.471
-0.0,0,0.277045,-0.960857,0.471
-0.0,0,0.277045,-0.960857,0.471
-0.0,0,0.277045,-0.960857,0.471
-0.0,0,0.277045,-0.960857,0.471
-0.0,0,0.277045,-0.960857,0.471
-0.0,0,0.277045,-0.960857,0.471
-0.0,0,0.277045,-0.960857,0.471
-0.0,0,0.277045,-0.960857,0.471
-0.0,0,0.277045,-0.960857,0.471
-0.0,0,0.277045,-0.960857,0.471
-0.0,0,0.277045,-0.960857,0.471
-0.0,0,0.277045,-0.960857,0.471
-0.0,0,0.277045,-0.960857,0.471
-0.0,0,0.277045,-0.960857,0.471
-0.0,0,0.277045,-0.960857,0.471
-0.0,0,0.277045,-0.960857,0.471
-0.0,0,0.277045,-0.960857,0.471
-0.0,15,0.277045,-0.960857,0.471
-0.0,15,0.277045,-0.960857,0.521633
0.387463,15,0.268185,-0.963367,0.546793
1.68599,15,0.231056,-0.97294,0.546793
3.37198,15,0.178513,-0.983938,0.521633
5.03702,15,0.11022,-0.993907,0.571848
6.73348,15,0.0245423,-0.999699,0.621642
8.46136,15,-0.0796873,-0.99682,0.471
10.294,15,-0.199607,-0.979876,0.596798
12.0532,15,-0.329661,-0.944099,0.471
13.2785,15,-0.457818,-0.889046,0.521633
14.0115,15,-0.587044,-0.809555,0.496368
14.4094,15,-0.692866,-0.721066,0.496368
14.6293,15,-0.791169,-0.611597,0.496368
14.7655,15,-0.877548,-0.47949,0.496368
14.8597,15,-0.935184,-0.354163,0.471
14.933,15,-0.978635,-0.205604,0.471
14.954,15,-0.998211,-0.0597906,0.496368
14.9749,15,-0.995907,0.0903874,0.471
14.9854,15,-0.97003,0.242984,0.521633
15.0063,15,-0.925047,0.379852,0.471
15.0168,15,-0.858513,0.512791,0.496368
15.0063,15,-0.772033,0.635582,0.471
15.0273,15,-0.666997,0.74506,0.521633
15.0168,15,-0.546608,0.837389,0.471
15.0378,15,-0.416427,0.909169,0.521633
15.0168,15,-0.269668,0.962953,0.471
15.0378,15,-0.128496,0.99171,0.521633
15.0168,15,0.0291404,0.999575,0.471
15.0273,15,0.170963,0.985278,0.496368
15.0168,15,0.313683,0.949528,0.496368
15.0168,15,0.453717,0.891146,0.471
15.0168,15,0.582062,0.813145,0.496368
15.0063,15,0.709274,0.704933,0.471
15.0063,15,0.795836,0.605512,0.496368
14.9959,15,0.881923,0.471394,0.471
15.0063,15,0.942061,0.335442,0.471
15.0063,15,0.980183,0.198093,0.471
15.0063,15,0.998796,0.0490631,0.496368
15.0168,15,0.995033,-0.0995481,0.471
15.0063,15,0.96928,-0.245959,0.471
15.0063,15,0.920916,-0.389761,0.471
15.0063,15,0.852959,-0.521978,0.496368
14.9959,15,0.75821,-0.65201,0.471
15.0168,15,0.661264,-0.750153,0.496368
15.0063,15,0.537586,-0.843209,0.471
15.0273,15,0.409443,-0.912336,0.521633
14.9959,15,0.262275,-0.964993,0.471
15.0273,15,0.117842,-0.993032,0.521633
15.0063,15,-0.0383451,-0.999265,0.471
15.0168,15,-0.187566,-0.982252,0.496368
15.0168,15,-0.323859,-0.946106,0.471
15.0273,15,-0.463265,-0.88622,0.521633
15.0273,15,-0.590764,-0.806844,0.496368
15.0168,15,-0.706024,-0.708188,0.496368
15.0168,15,-0.806849,-0.590758,0.471
15.0063,15,-0.886933,-0.461899,0.521633
15.0168,15,-0.943595,-0.331103,0.471
15.0168,15,-0.98254,-0.186053,0.471
15.0063,15,-0.999265,-0.0383376,0.496368
15.0063,15,-0.993389,0.114796,0.471
14.9959,15,-0.966584,0.256351,0.496368
15.0063,15,-0.913587,0.406642,0.471
14.9959,15,-0.843209,0.537586,0.496368
14.9959,15,-0.757209,0.653173,0.471
15.0063,15,-0.646172,0.763192,0.521633
14.9854,15,-0.529804,0.84812,0.471
15.0063,15,-0.396804,0.917903,0.521633
14.9854,15,-0.256343,0.966586,0.471
15.0063,15,-0.107167,0.994241,0.521633
14.9854,15,0.0398787,0.999205,0.471
14.9959,15,0.189074,0.981963,0.521633
14.9854,15,0.332558,0.943083,0.471
14.9959,15,0.484869,0.874587,0.496368
14.9959,15,0.601844,0.798614,0.496368
14.9854,15,0.71787,0.696177,0.471
14.9854,15,0.805943,0.591993,0.496368
14.9749,15,0.886224,0.463257,0.471
14.9854,15,0.945608,0.325308,0.496368
14.9854,15,0.983106,0.183037,0.496368
14.9854,15,0.999431,0.0337388,0.496368
14.9959,15,0.993212,-0.11632,0.471
14.9854,15,0.964993,-0.262276,0.471
14.9959,15,0.914209,-0.405242,0.471
14.9854,15,0.839057,-0.544043,0.521633
14.9854,15,0.748116,-0.663568,0.471
14.9959,15,0.647346,-0.762196,0.521633
14.9854,15,0.524584,-0.851359,0.471
15.0063,15,0.393993,-0.919114,0.521633
14.9854,15,0.248922,-0.968523,0.471
15.0063,15,0.104116,-0.994565,0.521633
14.9854,15,-0.052135,-0.99864,0.471
15.0063,15,-0.196599,-0.980484,0.521633
14.9959,15,-0.349857,-0.936803,0.471
15.0063,15,-0.48487,-0.874586,0.521633
15.0063,15,-0.604292,-0.796763,0.471
15.0063,15,-0.715733,-0.698374,0.496368
14.9959,15,-0.813145,-0.582061,0.471
14.9959,15,-0.890449,-0.455082,0.521633
14.9959,15,-0.948075,-0.318047,0.471
14.9959,15,-0.986561,-0.163394,0.496368
14.9854,15,-0.999699,-0.0245404,0.471
14.9854,15,-0.99171,0.128497,0.471
14.9749,15,-0.962538,0.271145,0.496368
14.9854,15,-0.909166,0.416435,0.471
14.9749,15,-0.838221,0.54533,0.496368
14.9749,15,-0.747097,0.664715,0.471
14.9854,15,-0.640299,0.768126,0.521633
14.9749,15,-0.510148,0.860087,0.471
14.9959,15,-0.386926,0.922111,0.521633
14.9749,15,-0.244463,0.969659,0.471
14.9959,15,-0.0980121,0.995185,0.521633
14.9749,15,0.0536676,0.998559,0.471
14.9854,15,0.204112,0.978948,0.496368
14.9749,15,0.346983,0.937871,0.471
14.9854,15,0.482186,0.876069,0.521633
14.9854,15,0.618858,0.785503,0.471
14.9749,15,0.718939,0.695073,0.471
14.9749,15,0.813146,0.58206,0.496368
14.9645,15,0.893913,0.44824,0.471
14.9749,15,0.949529,0.313681,0.496368
14.9749,15,0.98681,0.16188,0.496368
14.9749,15,0.999769,0.0214729,0.471
14.9854,15,0.99171,-0.128499,0.471
14.9749,15,0.960857,-0.277046,0.521633
14.9854,15,0.903988,-0.427558,0.471
14.9749,15,0.838225,-0.545325,0.496368
14.9749,15,0.746076,-0.665861,0.471
14.9854,15,0.637939,-0.770087,0.521633
14.9854,15,0.506185,-0.862425,0.471
14.9959,15,0.372739,-0.927936,0.496368
14.9749,15,0.23702,-0.971505,0.471
14.9959,15,0.08885,-0.996045,0.521633
14.9749,15,-0.0582622,-0.998301,0.471
14.9959,15,-0.208615,-0.977998,0.521633
14.9854,15,-0.349859,-0.936802,0.471
15.0063,15,-0.494232,-0.86933,0.496368
14.9959,15,-0.612812,-0.790229,0.471
14.9959,15,-0.724248,-0.68954,0.496368
14.9854,15,-0.818468,-0.574552,0.471
14.9854,15,-0.895966,-0.444122,0.546793
14.9854,15,-0.951906,-0.30639,0.471
14.9854,15,-0.986054,-0.166424,0.496368
14.9749,15,-0.999995,-0.00306355,0.471
14.9749,15,-0.98849,0.151283,0.496368
14.9645,15,-0.956493,0.291756,0.471
14.9854,15,-0.905945,0.423396,0.471
14.9645,15,-0.828902,0.559394,0.521633
14.9749,15,-0.738884,0.673832,0.471
14.9749,15,-0.629635,0.776891,0.471
14.9749,15,-0.502211,0.864745,0.471
14.9854,15,-0.37416,0.927364,0.521633
14.9645,15,-0.232547,0.972585,0.471
14.9854,15,-0.0873212,0.99618,0.521633
14.9645,15,0.0674463,0.997723,0.471
14.9854,15,0.213113,0.977028,0.496368
14.9645,15,0.357033,0.934092,0.471
14.9749,15,0.506191,0.862422,0.471
14.9749,15,0.615233,0.788345,0.471
14.9645,15,0.732659,0.680596,0.496368
14.9645,15,0.820227,0.572038,0.471
14.9645,15,0.895967,0.444121,0.471
14.9749,15,0.952842,0.303467,0.471
14.9645,15,0.987784,0.155829,0.521633
14.9645,15,0.999958,0.00920381,0.471
14.9749,15,0.98895,-0.148252,0.471
14.9645,15,0.958264,-0.285885,0.496368
14.9749,15,0.900682,-0.434479,0.471
14.9645,15,0.832317,-0.5543,0.521633
14.9749,15,0.737849,-0.674966,0.471
14.9749,15,0.629634,-0.776892,0.521633
14.9749,15,0.506182,-0.862426,0.471
14.9854,15,0.374159,-0.927364,0.546793
14.9749,15,0.199599,-0.979878,0.471
14.9959,15,0.0720338,-0.997402,0.521633
14.9749,15,-0.0674476,-0.997723,0.471
14.9959,15,-0.219103,-0.975702,0.521633
14.9749,15,-0.361328,-0.932439,0.471
14.9959,15,-0.496898,-0.867809,0.521633
14.9854,15,-0.620058,-0.784556,0.471
14.9854,15,-0.730563,-0.682845,0.496368
14.9854,15,-0.829764,-0.558114,0.471
14.9749,15,-0.900016,-0.435857,0.521633
14.9749,15,-0.954686,-0.297616,0.471
14.9854,15,-0.988258,-0.152797,0.471
14.9749,15,-0.999958,0.00920694,0.471
14.9749,15,-0.989399,0.14522,0.496368
14.9645,15,-0.956044,0.293225,0.471
14.9749,15,-0.901347,0.433099,0.471
14.9645,15,-0.824587,0.565735,0.496368
14.9749,15,-0.729512,0.683968,0.471
14.9749,15,-0.624856,0.78074,0.521633
14.9749,15,-0.499554,0.866283,0.471
14.9854,15,-0.364182,0.931328,0.521633
14.9645,15,-0.216106,0.97637,0.471
14.9854,15,-0.0674432,0.997723,0.521633
14.954,15,0.0827405,0.996571,0.471
14.9854,15,0.223591,0.974683,0.496368
14.9645,15,0.372741,0.927936,0.471
14.9749,15,0.502213,0.864744,0.471
14.9645,0,0.623662,0.781694,0.471
14.9645,0,0.743011,0.669279,0.342617
14.5246,0,0.82459,0.56573,0.419954
13.1633,0,0.884083,0.467329,0.471
11.3621,0,0.922704,0.385509,0.342617
9.43525,0,0.948075,0.318048,0.368498
7.59218,0,0.962953,0.269668,0.419954
5.53968,0,0.972585,0.232547,0.445528
3.53953,0,0.976038,0.217598,0.471
2.05251,0,0.977029,0.213106,0.471
1.19381,0,0.977999,0.208609,0.471
0.649262,0,0.978634,0.205608,0.471
0.356047,0,0.978949,0.204107,0.471
0.178024,0,0.97926,0.202606,0.471
0.0942478,0,0.97926,0.202606,0.471
0.0314159,0,0.97926,0.202606,0.471
0.020944,0,0.97926,0.202606,0.471
-0.0,0,0.97957,0.201104,0.471
-0.0,0,0.97957,0.201104,0.471
-0.010472,0,0.97957,0.201104,0.471
-0.020944,0,0.97957,0.201104,0.471
-0.0314159,0,0.97957,0.201104,0.471
-0.0314159,0,0.97957,0.201104,0.471
-0.0314159,0,0.97957,0.201104,0.471
-0.0314159,0,0.97957,0.201104,0.471
-0.0314159,0,0.97926,0.202606,0.471
-0.0314159,0,0.97957,0.201104,0.471
-0.0523599,0,0.97926,0.202606,0.471
-0.0418879,0,0.97926,0.202606,0.471
-0.0418879,0,0.97926,0.202606,0.471
-0.0314159,0,0.97926,0.202606,0.471
-0.0314159,0,0.97926,0.202606,0.471
-0.0314159,0,0.97926,0.202606,0.471
-0.020944,0,0.97926,0.202606,0.471
-0.020944,0,0.97926,0.202606,0.471
-0.020944,0,0.97926,0.202606,0.471
-0.020944,0,0.97926,0.202606,0.471
-0.0523599,0,0.97926,0.202606,0.471
-0.0314159,0,0.978949,0.204107,0.471
-0.0418879,0,0.978949,0.204107,0.471
-0.0314159,0,0.978949,0.204107,0.471
-0.0314159,0,0.978949,0.204107,0.471
-0.020944,0,0.978949,0.204107,0.471
-0.020944,0,0.978949,0.204107,0.471
-0.020944,0,0.978949,0.204107,0.471
-0.020944,0,0.978949,0.204107,0.471
-0.020944,0,0.978949,0.204107,0.471
-0.020944,0,0.978634,0.205608,0.471
-0.0418879,0,0.978949,0.204107,0.471
-0.0418879,0,0.978634,0.205608,0.471
-0.0418879,0,0.978634,0.205608,0.471
-0.0314159,0,0.978634,0.205608,0.471
-0.020944,0,0.978634,0.205608,0.471
-0.020944,0,0.978634,0.205608,0.471
-0.020944,0,0.978634,0.205608,0.471
-0.0418879,0,0.978318,0.207109,0.471
-0.0314159,0,0.978318,0.207109,0.471
-0.0418879,0,0.978318,0.207109,0.471
-0.0314159,0,0.978318,0.207109,0.471
-0.020944,0,0.978318,0.207109,0.471
-0.020944,0,0.978318,0.207109,0.471
-0.020944,0,0.978318,0.207109,0.471
-0.020944,0,0.977999,0.208609,0.471
-0.0314159,0,0.978318,0.207109,0.471
-0.0314159,0,0.977999,0.208609,0.471
-0.0314159,0,0.977999,0.208609,0.471
-0.020944,0,0.977999,0.208609,0.471
-0.020944,0,0.977999,0.208609,0.471
-0.020944,0,0.977999,0.208609,0.471
-0.010472,0,0.977999,0.208609,0.471
-0.0314159,0,0.977678,0.210108,0.471
-0.020944,0,0.977678,0.210108,0.471
-0.0314159,0,0.977678,0.210108,0.471
-0.0314159,0,0.977678,0.210108,0.471
-0.020944,0,0.977678,0.210108,0.471
-0.020944,0,0.977678,0.210108,0.471
-0.010472,0,0.977678,0.210108,0.471
-0.010472,0,0.977678,0.210108,0.471
-0.010472,0,0.977678,0.210108,0.471
-0.020944,0,0.977355,0.211607,0.471
-0.020944,0,0.977355,0.211607,0.471
-0.0314159,0,0.977355,0.211607,0.471
-0.0314159,0,0.977355,0.211607,0.471
-0.020944,0,0.977355,0.211607,0.471
-0.010472,0,0.977355,0.211607,0.471
-0.010472,0,0.977355,0.211607,0.471
-0.010472,0,0.977355,0.211607,0.471
-0.0314159,0,0.977029,0.213106,0.471
-0.020944,0,0.977029,0.213106,0.471
-0.0314159,0,0.977029,0.213106,0.471
-0.020944,0,0.977029,0.213106,0.471
-0.020944,0,0.977029,0.213106,0.471
-0.010472,0,0.977029,0.213106,0.471
-0.010472,0,0.977029,0.213106,0.471
-0.010472,0,0.977029,0.213106,0.471
-0.010472,0,0.977029,0.213106,0.471
-0.010472,0,0.977029,0.213106,0.471
-0.010472,0,0.977029,0.213106,0.471
-0.020944,0,0.976701,0.214604,0.471
-0.010472,0,0.976701,0.214604,0.471
-0.0314159,0,0.976701,0.214604,0.471
-0.020944,0,0.976701,0.214604,0.471
-0.010472,0,0.976701,0.214604,0.471
-0.010472,0,0.976701,0.214604,0.471
-0.010472,0,0.976701,0.214604,0.471
-0.010472,0,0.976701,0.214604,0.471
-0.010472,0,0.976701,0.214604,0.471
-0.010472,0,0.976701,0.214604,0.471
-0.010472,0,0.976701,0.214604,0.471
-0.020944,0,0.976371,0.216101,0.471
-0.010472,0,0.976371,0.216101,0.471
-0.0314159,0,0.976371,0.216101,0.471
-0.020944,0,0.976371,0.216101,0.471
-0.010472,0,0.976371,0.216101,0.471
-0.010472,0,0.976371,0.216101,0.471
-0.010472,0,0.976371,0.216101,0.471
-0.010472,0,0.976371,0.216101,0.471
-0.0,0,0.976371,0.216101,0.471
-0.0,0,0.976371,0.216101,0.471
-0.0,0,0.976371,0.216101,0.471
-0.020944,0,0.976038,0.217598,0.471
-0.010472,0,0.976038,0.217598,0.471
-0.020944,0,0.976038,0.217598,0.471
-0.020944,0,0.976038,0.217598,0.471
-0.010472,0,0.976038,0.217598,0.471
-0.010472,0,0.976038,0.217598,0.471
-0.010472,0,0.976038,0.217598,0.471
-0.0,0,0.976038,0.217598,0.471
-0.0,0,0.976038,0.217598,0.471
-0.0,0,0.976038,0.217598,0.471
-0.0,0,0.976038,0.217598,0.471
-0.0,0,0.976038,0.217598,0.471
-0.0,0,0.976038,0.217598,0.471
-0.0,0,0.976038,0.217598,0.471
-0.0,0,0.976038,0.217598,0.471
-0.0,0,0.976038,0.217598,0.471
-0.0,0,0.975704,0.219095,0.471
-0.020944,0,0.976038,0.217598,0.471
-0.020944,0,0.975704,0.219095,0.471
-0.020944,0,0.975704,0.219095,0.471
-0.010472,0,0.975704,0.219095,0.471
-0.010472,0,0.975704,0.219095,0.471
-0.0,0,0.975704,0.219095,0.471
-0.0,0,0.975704,0.219095,0.471
-0.0,0,0.975704,0.219095,0.471
-0.0,0,0.975704,0.219095,0.471
-0.0,0,0.975704,0.219095,0.471
-0.0,0,0.975704,0.219095,0.471
-0.0,0,0.975704,0.219095,0.471
-0.0,0,0.975704,0.219095,0.471
-0.0,0,0.975704,0.219095,0.471
-0.0,0,0.975704,0.219095,0.471
-0.0,0,0.975704,0.219095,0.471
-0.0,0,0.975366,0.220591,0.471
-0.020944,0,0.975704,0.219095,0.471
-0.020944,0,0.975366,0.220591,0.471
-0.020944,0,0.975366,0.220591,0.471
-0.010472,0,0.975366,0.220591,0.471
-0.010472,0,0.975366,0.220591,0.471
-0.0,0,0.975366,0.220591,0.471
-0.0,0,0.975366,0.220591,0.471
-0.0,0,0.975366,0.220591,0.471
-0.0,0,0.975366,0.220591,0.471
-0.0,0,0.975366,0.220591,0.471
-0.0,0,0.975366,0.220591,0.471
-0.0,0,0.975366,0.220591,0.471
-0.0,0,0.975366,0.220591,0.471
-0.0,0,0.975366,0.220591,0.471
-0.0,0,0.975366,0.220591,0.471
-0.0,0,0.975366,0.220591,0.471
-0.0,0,0.975366,0.220591,0.471
-0.0,0,0.975366,0.220591,0.471
-0.0,0,0.975366,0.220591,0.471
-0.0,0,0.975366,0.220591,0.471
-0.0,0,0.975366,0.220591,0.471
-0.0,0,0.975366,0.220591,0.471
-0.0,0,0.975366,0.220591,0.471
-0.0,0,0.975366,0.220591,0.471
-0.0,0,0.975366,0.220591,0.471
-0.0,0,0.975366,0.220591,0.471
-0.020944,0,0.975025,0.222094,0.471
-0.0,0,0.975025,0.222094,0.471
-0.020944,0,0.975025,0.222094,0.471
-0.010472,0,0.975025,0.222094,0.471
-0.010472,0,0.975025,0.222094,0.471
-0.0,0,0.975025,0.222094,0.471
-0.0,0,0.975025,0.222094,0.471
-0.0,0,0.975025,0.222094,0.471
-0.0,0,0.975025,0.222094,0.471
-0.0,0,0.975025,0.222094,0.471
-0.0,0,0.975025,0.222094,0.471
-0.0,0,0.975025,0.222094,0.471
-0.0,0,0.975025,0.222094,0.471
-0.0,0,0.975025,0.222094,0.471
-0.0,0,0.975025,0.222094,0.471
-0.0,0,0.975025,0.222094,0.471
-0.0,0,0.975025,0.222094,0.471
-0.0,0,0.975025,0.222094,0.471
-0.0,0,0.975025,0.222094,0.471
-0.0,0,0.975025,0.222094,0.471
-0.0,15,0.975025,0.222094,0.471
-0.0,15,0.975025,0.222094,0.471
0.324631,15,0.976701,0.214604,0.471
1.49749,15,0.983938,0.178512,0.471
3.27773,15,0.992291,0.123933,0.571848
5.22552,15,0.99887,0.0475288,0.571848
7.05811,15,0.999205,-0.0398756,0.546793
9.08967,15,0.987301,-0.158862,0.571848
11.2678,15,0.953305,-0.30201,0.496368
12.535,15,0.908526,-0.417828,0.471
13.5403,15,0.844031,-0.536294,0.546793
14.1476,15,0.7612,-0.648517,0.471
14.4932,15,0.658958,-0.75218,0.521633
14.6712,15,0.53629,-0.844033,0.471
14.8074,15,0.405239,-0.914211,0.546793
14.8702,15,0.262273,-0.964994,0.471
14.954,15,0.116317,-0.993212,0.521633
14.9645,15,-0.0245454,-0.999699,0.471
14.9959,15,-0.175497,-0.98448,0.571848
15.0063,15,-0.319505,-0.947585,0.471
15.0273,15,-0.459178,-0.888344,0.546793
15.0378,15,-0.584556,-0.811353,0.471
15.0378,15,-0.70057,-0.713584,0.521633
15.0378,15,-0.802297,-0.596925,0.496368
15.0273,15,-0.885513,-0.464614,0.546793
15.0273,15,-0.941026,-0.338333,0.471
15.0273,15,-0.981381,-0.192073,0.496368
15.0273,15,-0.999205,-0.0398673,0.496368
15.0273,15,-0.992666,0.12089,0.496368
15.0168,15,-0.965792,0.259317,0.521633
15.0273,15,-0.918506,0.395406,0.471
15.0168,15,-0.848929,0.528506,0.521633
15.0063,15,-0.760204,0.649685,0.471
15.0273,15,-0.65317,0.757211,0.546793
15.0063,15,-0.533698,0.845675,0.471
15.0273,15,-0.396809,0.917901,0.571848
15.0063,15,-0.253382,0.967366,0.471
15.0273,15,-0.0995381,0.995034,0.546793
15.0063,15,0.0414059,0.999142,0.471
15.0168,15,0.1966,0.980484,0.546793
15.0063,15,0.32966,0.9441,0.471
15.0063,15,0.468689,0.883363,0.521633
15.0063,15,0.593233,0.805031,0.471
14.9959,15,0.715734,0.698373,0.496368
14.9959,15,0.80956,0.587037,0.496368
14.9854,15,0.891842,0.452348,0.471
14.9959,15,0.948562,0.316591,0.496368
14.9959,15,0.982825,0.184542,0.521633
14.9959,15,0.99953,0.0306708,0.471
15.0063,15,0.99285,-0.119369,0.496368
15.0063,15,0.964183,-0.265237,0.471
15.0063,15,0.912961,-0.408046,0.471
15.0063,15,0.843207,-0.537589,0.496368
14.9959,15,0.749136,-0.662416,0.471
15.0063,15,0.647338,-0.762203,0.521633
14.9959,15,0.524589,-0.851356,0.471
15.0168,15,0.396808,-0.917902,0.521633
15.0063,15,0.238509,-0.97114,0.471
15.0273,15,0.0980184,-0.995185,0.521633
15.0063,15,-0.065915,-0.997825,0.471
15.0273,15,-0.202612,-0.979259,0.546793
15.0063,15,-0.338341,-0.941024,0.471
15.0273,15,-0.476798,-0.879013,0.546793
15.0168,15,-0.604294,-0.796762,0.471
15.0168,15,-0.714663,-0.699469,0.546793
15.0063,15,-0.81582,-0.578305,0.471
15.0063,15,-0.891846,-0.45234,0.521633
15.0063,15,-0.950489,-0.310758,0.471
15.0063,15,-0.985015,-0.17247,0.496368
14.9959,15,-0.999735,-0.0230047,0.471
14.9959,15,-0.991905,0.126979,0.496368
14.9854,15,-0.960856,0.277047,0.471
14.9959,15,-0.911074,0.412243,0.471
14.9854,15,-0.832322,0.554293,0.521633
14.9854,15,-0.744034,0.668142,0.471
14.9959,15,-0.640303,0.768122,0.521633
14.9854,15,-0.511464,0.859305,0.471
15.0063,15,-0.38693,0.922109,0.571848
14.9854,15,-0.235536,0.971866,0.471
15.0063,15,-0.0964908,0.995334,0.571848
14.9854,15,0.062848,0.998023,0.471
15.0063,15,0.207116,0.978316,0.496368
14.9854,15,0.345547,0.938401,0.471
14.9854,15,0.482189,0.876067,0.521633
14.9854,15,0.607954,0.793972,0.471
14.9749,15,0.720006,0.693968,0.496368
14.9749,15,0.816707,0.577053,0.496368
14.9749,15,0.891843,0.452346,0.521633
14.9749,15,0.949045,0.315141,0.471
14.9749,15,0.98681,0.161885,0.521633
14.9749,15,0.99977,0.0214703,0.496368
14.9959,15,0.991311,-0.131542,0.496368
14.9854,15,0.96212,-0.272625,0.471
14.9959,15,0.90333,-0.428946,0.471
14.9854,15,0.838223,-0.545327,0.496368
14.9854,15,0.740952,-0.671558,0.471
14.9854,15,0.640296,-0.768128,0.521633
14.9854,15,0.508832,-0.860866,0.471
14.9959,15,0.382683,-0.92388,0.496368
14.9854,15,0.237025,-0.971504,0.471
15.0168,15,0.0873199,-0.99618,0.521633
14.9854,15,-0.0643797,-0.997925,0.471
15.0063,15,-0.211616,-0.977353,0.546793
14.9959,15,-0.357041,-0.934089,0.471
15.0168,15,-0.494235,-0.869329,0.521633
15.0063,15,-0.620064,-0.784551,0.471
15.0063,15,-0.725306,-0.688426,0.546793
14.9959,15,-0.819354,-0.573288,0.471
14.9854,15,-0.898001,-0.439993,0.546793
14.9959,15,-0.953768,-0.300542,0.471
14.9959,15,-0.98656,-0.163397,0.521633
14.9854,15,-0.999925,-0.0122617,0.471
14.9854,15,-0.990484,0.137629,0.496368
14.9749,15,-0.958701,0.284416,0.496368
14.9959,15,-0.901347,0.433099,0.471
14.9749,15,-0.829757,0.558124,0.496368
14.9854,15,-0.73992,0.672695,0.471
14.9854,15,-0.626058,0.779776,0.521633
14.9854,15,-0.494224,0.869335,0.471
14.9959,15,-0.372742,0.927935,0.521633
14.9749,15,-0.229567,0.973293,0.471
14.9959,15,-0.0827348,0.996572,0.521633
14.9645,15,0.0705086,0.997511,0.471
14.9959,15,0.219105,0.975701,0.521633
14.9749,15,0.365615,0.930766,0.471
14.9854,15,0.499565,0.866276,0.496368
14.9749,15,0.621268,0.783598,0.471
14.9749,15,0.728467,0.685081,0.521633
14.9749,15,0.821105,0.570778,0.471
14.9645,15,0.897326,0.441368,0.471
14.9645,15,0.952845,0.303458,0.471
14.9645,15,0.987546,0.157333,0.521633
14.9645,15,0.999999,0.00152616,0.471
14.9854,15,0.990058,-0.14066,0.496368
14.9749,15,0.957826,-0.287349,0.471
14.9854,15,0.903989,-0.427556,0.471
14.9645,15,0.831469,-0.555571,0.521633
14.9749,15,0.733693,-0.679481,0.471
14.9749,15,0.630823,-0.775927,0.521633
14.9854,15,0.506187,-0.862424,0.471
14.9854,15,0.372734,-0.927938,0.521633
14.9749,15,0.228073,-0.973644,0.471
15.0063,15,0.0812051,-0.996697,0.521633
14.9749,15,-0.0720395,-0.997402,0.471
14.9959,15,-0.216105,-0.97637,0.521633
14.9854,15,-0.36133,-0.932438,0.471
15.0063,15,-0.498238,-0.867041,0.521633
14.9959,15,-0.627259,-0.778811,0.471
14.9959,15,-0.731612,-0.681722,0.546793
14.9854,15,-0.824595,-0.565723,0.471
14.9854,15,-0.900684,-0.434474,0.546793
14.9854,15,-0.956943,-0.290277,0.471
14.9959,15,-0.988723,-0.149755,0.521633
14.9749,15,-0.999989,0.00460151,0.471
14.9749,15,-0.987544,0.157342,0.496368
14.9645,15,-0.955139,0.296158,0.471
14.9854,15,-0.901345,0.433101,0.496368
14.9645,15,-0.825457,0.564466,0.496368
14.9749,15,-0.733698,0.679476,0.471
14.9749,15,-0.620053,0.78456,0.521633
14.9749,15,-0.499558,0.86628,0.471
14.9854,15,-0.359891,0.932994,0.521633
14.9645,15,-0.222088,0.975027,0.471
14.9854,15,-0.0720375,0.997402,0.546793
14.9645,15,0.0766286,0.99706,0.471
14.9854,15,0.238521,0.971137,0.496368
14.9645,15,0.374166,0.927362,0.471
14.9749,15,0.519354,0.854559,0.496368
14.9645,15,0.632019,0.774953,0.471
14.9645,15,0.740951,0.671559,0.471
14.954,15,0.828046,0.56066,0.471
14.954,15,0.905297,0.42478,0.471
14.9645,15,0.956046,0.293217,0.471
14.9645,15,0.990902,0.134583,0.546793
14.9645,15,0.999981,-0.00613627,0.471
14.9854,15,0.987302,-0.158857,0.496368
14.9749,15,0.953306,-0.302005,0.496368
14.9854,15,0.895967,-0.44412,0.471
14.9645,15,0.824589,-0.565732,0.496368
14.9749,15,0.728465,-0.685083,0.471
14.9749,15,0.620058,-0.784556,0.521633
14.9854,15,0.491559,-0.870844,0.471
14.9854,15,0.357034,-0.934092,0.521633
14.9749,15,0.213114,-0.977027,0.471
14.9959,15,0.0705066,-0.997511,0.521633
14.9749,15,-0.0796799,-0.996821,0.471
14.9959,15,-0.229569,-0.973292,0.546793
14.9749,15,-0.371328,-0.928502,0.471
15.0063,15,-0.510152,-0.860084,0.521633
14.9854,15,-0.63913,-0.769099,0.471
14.9959,15,-0.745063,-0.666995,0.521633
14.9854,15,-0.834867,-0.550452,0.471
14.9854,15,-0.904645,-0.426166,0.546793
14.9854,15,-0.958706,-0.284399,0.471
14.9854,15,-0.990273,-0.139139,0.496368
14.9645,15,-0.999769,0.0214787,0.471
14.9749,15,-0.985277,0.170966,0.521633
14.9645,15,-0.94856,0.316597,0.471
14.9749,15,-0.890447,0.455086,0.496368
14.954,15,-0.816702,0.577059,0.496368
14.9749,0,-0.726355,0.68732,0.496368
14.9435,0,-0.584552,0.811356,0.368498
14.556,0,-0.490222,0.871598,0.445528
13.2156,0,-0.391168,0.920319,0.394277
11.4354,0,-0.309311,0.950961,0.419954
9.48761,0,-0.235528,0.971868,0.471
7.6969,0,-0.184544,0.982824,0.471
5.65487,0,-0.149764,0.988722,0.445528
3.84321,0,-0.134569,0.990904,0.445528
2.17817,0,-0.126975,0.991906,0.445528
1.23569,0,-0.122403,0.99248,0.471
0.670206,0,-0.117843,0.993032,0.471
0.397935,0,-0.116313,0.993213,0.445528
0.219911,0,-0.113266,0.993565,0.445528
0.125664,0,-0.113266,0.993565,0.445528
0.0733038,0,-0.11175,0.993736,0.445528
0.020944,0,-0.11175,0.993736,0.471
-0.0,0,-0.11175,0.993736,0.445528
-0.020944,0,-0.11175,0.993736,0.445528
-0.020944,0,-0.11175,0.993736,0.445528
-0.0314159,0,-0.11175,0.993736,0.445528
-0.0314159,0,-0.11175,0.993736,0.445528
-0.0314159,0,-0.11175,0.993736,0.445528
-0.0314159,0,-0.11175,0.993736,0.445528
-0.0314159,0,-0.11175,0.993736,0.445528
-0.0314159,0,-0.11175,0.993736,0.445528
-0.0314159,0,-0.11175,0.993736,0.445528
-0.0314159,0,-0.113266,0.993565,0.445528
-0.0523599,0,-0.11175,0.993736,0.419954
-0.0418879,0,-0.113266,0.993565,0.471
-0.0523599,0,-0.113266,0.993565,0.445528
-0.0418879,0,-0.113266,0.993565,0.445528
-0.0314159,0,-0.113266,0.993565,0.445528
-0.0314159,0,-0.113266,0.993565,0.445528
-0.0314159,0,-0.113266,0.993565,0.445528
-0.0314159,0,-0.113266,0.993565,0.445528
-0.020944,0,-0.113266,0.993565,0.445528
-0.020944,0,-0.113266,0.993565,0.445528
-0.020944,0,-0.113266,0.993565,0.419954
-0.020944,0,-0.113266,0.993565,0.445528
-0.0418879,0,-0.114797,0.993389,0.445528
-0.0314159,0,-0.114797,0.993389,0.445528
-0.0418879,0,-0.114797,0.993389,0.419954
-0.0418879,0,-0.114797,0.993389,0.445528
-0.0314159,0,-0.114797,0.993389,0.445528
-0.0314159,0,-0.114797,0.993389,0.445528
-0.020944,0,-0.114797,0.993389,0.445528
-0.020944,0,-0.114797,0.993389,0.445528
-0.020944,0,-0.114797,0.993389,0.445528
-0.020944,0,-0.114797,0.993389,0.445528
-0.0314159,0,-0.116313,0.993213,0.445528
-0.0314159,0,-0.114797,0.993389,0.445528
-0.0418879,0,-0.116313,0.993213,0.445528
-0.0314159,0,-0.116313,0.993213,0.445528
-0.0314159,0,-0.116313,0.993213,0.445528
-0.020944,0,-0.116313,0.993213,0.445528
-0.020944,0,-0.116313,0.993213,0.445528
-0.020944,0,-0.116313,0.993213,0.445528
-0.0418879,0,-0.117843,0.993032,0.419954
-0.0314159,0,-0.117843,0.993032,0.445528
-0.0418879,0,-0.117843,0.993032,0.445528
-0.0314159,0,-0.117843,0.993032,0.445528
-0.020944,0,-0.117843,0.993032,0.445528
-0.020944,0,-0.117843,0.993032,0.445528
-0.020944,0,-0.119359,0.992851,0.445528
-0.0418879,0,-0.117843,0.993032,0.419954
-0.0314159,0,-0.119359,0.992851,0.445528
-0.0314159,0,-0.119359,0.992851,0.445528
-0.0314159,0,-0.119359,0.992851,0.471
-0.020944,0,-0.119359,0.992851,0.445528
-0.020944,0,-0.119359,0.992851,0.445528
-0.010472,0,-0.119359,0.992851,0.445528
-0.0314159,0,-0.120889,0.992666,0.445528
-0.020944,0,-0.120889,0.992666,0.445528
-0.0314159,0,-0.120889,0.992666,0.445528
-0.0314159,0,-0.120889,0.992666,0.445528
-0.020944,0,-0.120889,0.992666,0.445528
-0.020944,0,-0.120889,0.992666,0.445528
-0.010472,0,-0.120889,0.992666,0.445528
-0.010472,0,-0.120889,0.992666,0.445528
-0.0314159,0,-0.122403,0.99248,0.445528
-0.020944,0,-0.122403,0.99248,0.471
-0.0314159,0,-0.122403,0.99248,0.445528
-0.0314159,0,-0.122403,0.99248,0.445528
-0.020944,0,-0.122403,0.99248,0.445528
-0.010472,0,-0.122403,0.99248,0.445528
-0.010472,0,-0.122403,0.99248,0.445528
-0.010472,0,-0.122403,0.99248,0.445528
-0.010472,0,-0.122403,0.99248,0.471
-0.0314159,0,-0.122403,0.99248,0.445528
-0.020944,0,-0.123932,0.992291,0.471
-0.0314159,0,-0.123932,0.992291,0.445528
-0.020944,0,-0.123932,0.992291,0.445528
-0.020944,0,-0.123932,0.992291,0.445528
-0.010472,0,-0.123932,0.992291,0.445528
-0.010472,0,-0.123932,0.992291,0.445528
-0.010472,0,-0.123932,0.992291,0.445528
-0.010472,0,-0.125446,0.9921,0.471
-0.020944,0,-0.123932,0.992291,0.471
-0.0314159,0,-0.125446,0.9921,0.471
-0.020944,0,-0.125446,0.9921,0.445528
-0.020944,0,-0.125446,0.9921,0.445528
-0.010472,0,-0.125446,0.9921,0.445528
-0.010472,0,-0.125446,0.9921,0.445528
-0.010472,0,-0.125446,0.9921,0.471
-0.010472,0,-0.125446,0.9921,0.445528
-0.010472,0,-0.125446,0.9921,0.445528
-0.010472,0,-0.125446,0.9921,0.445528
-0.020944,0,-0.126975,0.991906,0.445528
-0.020944,0,-0.125446,0.9921,0.471
-0.020944,0,-0.126975,0.991906,0.445528
-0.020944,0,-0.126975,0.991906,0.471
-0.020944,0,-0.126975,0.991906,0.471
-0.010472,0,-0.126975,0.991906,0.445528
-0.010472,0,-0.126975,0.991906,0.445528
