Link Name,Center of Mass X,Center of Mass Y,Center of Mass Z,Center of Mass Roll,Center of Mass Pitch,Center of Mass Yaw,Mass,Moment Ixx,Moment Ixy,Moment Ixz,Moment Iyy,Moment Iyz,Moment Izz,Visual X,Visual Y,Visual Z,Visual Roll,Visual Pitch,Visual Yaw,Mesh Filename,Color Red,Color Green,Color Blue,Color Alpha,Collision X,Collision Y,Collision Z,Collision Roll,Collision Pitch,Collision Yaw,Collision Mesh Filename,Material Name,SW Components,Coordinate System,Axis Name,Joint Name,Joint Type,Joint Origin X,Joint Origin Y,Joint Origin Z,Joint Origin Roll,Joint Origin Pitch,Joint Origin Yaw,Parent,Joint Axis X,Joint Axis Y,Joint Axis Z,Limit Effort,Limit Velocity,Limit Lower,Limit Upper,Calibration rising,Calibration falling,Dynamics Damping,Dynamics Friction,Safety Soft Upper,Safety Soft Lower,Safety K Position,Safety K Velocity
pelvis_link,3.98240726726658E-05,-8.45396448744174E-06,-0.0571009042661038,0,0,0,12.5912396517306,0.0302075114157419,-1.41102404646621E-05,7.79992056125464E-07,0.0303060530928916,-2.53271877086046E-07,0.041912468468628,0,0,0,0,0,0,package://01 휴머노이드 조립체_R29_R30_v6/meshes/pelvis_link.STL,0.752941176470588,0.752941176470588,0.752941176470588,1,0,0,0,0,0,0,package://01 휴머노이드 조립체_R29_R30_v6/meshes/pelvis_link.STL,,몸체 브라켓 11_R29_R30_MODEL-1,pelvis_joint,,,,0,0,0,0,0,0,,0,0,0,,,,,,,,,,,,
torso_link,-0.0109517438793632,-6.16357067195237E-08,0.303958102539077,0,0,0,5.98503072144877,0.0157401260780984,-6.17449819181087E-07,-7.87990864971057E-05,0.0171165770943272,-3.35767184857812E-08,0.0122612857627357,0,0,0,0,0,0,package://01 휴머노이드 조립체_R29_R30_v6/meshes/torso_link.STL,0.752941176470588,0.752941176470588,0.752941176470588,1,0,0,0,0,0,0,package://01 휴머노이드 조립체_R29_R30_v6/meshes/torso_link.STL,,몸체 브라켓 04_R29_R30_MODEL-1;휴머노이드 머리_R29_R30-1,torso_joint,,torso_joint,revolute,0,0,0.051,0,0.001555,-3.1416,pelvis_link,0,0,-1,132,19,-1,1,,,,,,,,
imu_link,-4.85944603688976E-17,-1.87560450401697E-15,-0.0169458429630852,0,0,0,2.99105268853675,0.0226723933293551,1.67827838189804E-17,-2.90506736546518E-19,0.0226723933293551,-4.8283484028449E-19,0.0224702951823168,0,0,0,0,0,0,package://01 휴머노이드 조립체_R29_R30_v6/meshes/imu_link.STL,0.866666666666667,0.909803921568627,1,1,0,0,0,0,0,0,package://01 휴머노이드 조립체_R29_R30_v6/meshes/imu_link.STL,,body-1,imu_joint,,imu_joint,fixed,0.001499,0,0.10699,0,0,3.1416,torso_link,0,0,0,,,,,,,,,,,,
left_shoulder_pitch_link,-3.3081E-06,-0.0034803,0.056209,0,0,0,1.5974,0.0017645,-1.563E-07,-1.5389E-07,0.0021792,5.5029E-05,0.0016803,0,0,0,0,0,0,package://01 휴머노이드 조립체_R29_R30_v6/meshes/left_shoulder_pitch_link.STL,0.75294,0.75294,0.75294,1,0,0,0,0,0,0,package://01 휴머노이드 조립체_R29_R30_v6/meshes/left_shoulder_pitch_link.STL,,팔 브라켓 02_R29_R30_MODEL-1,left_shoulder_pitch_joint,,left_shoulder_pitch_joint,revolute,-0.0052868,-0.13393,0.3148,0,-1.3963,1.5708,torso_link,0,0,1,118.9,8.7,-1,1,,,,,,,,
left_shoulder_roll_link,-0.043637,0.088869,-0.017138,0,0,0,1.67,0.0018209,0.0001191,-2.2844E-05,0.002196,4.1441E-05,0.001933,0,0,0,0,0,0,package://01 휴머노이드 조립체_R29_R30_v6/meshes/left_shoulder_roll_link.STL,0.75294,0.75294,0.75294,1,0,0,0,0,0,0,package://01 휴머노이드 조립체_R29_R30_v6/meshes/left_shoulder_roll_link.STL,,팔 브라켓 03_R29_R30_MODEL-1,left_shoulder_roll_joint,,left_shoulder_roll_joint,revolute,0,0.0265,0.06,-1.5708,1.3963,0,left_shoulder_pitch_link,0,0,1,118.9,8.7,-1,1,,,,,,,,
left_shouler_yaw_link,-5.96013346693992E-06,-0.0028342026107728,0.0512332480498593,0,0,0,1.24151278319563,0.00116714306246755,1.82440212310396E-07,-1.93442465871963E-07,0.00142723095576641,-4.94897117310793E-05,0.00107715328454598,0,0,0,0,0,0,package://01 휴머노이드 조립체_R29_R30_v6/meshes/left_shouler_yaw_link.STL,0.752941176470588,0.752941176470588,0.752941176470588,1,0,0,0,0,0,0,package://01 휴머노이드 조립체_R29_R30_v6/meshes/left_shouler_yaw_link.STL,,팔 브라켓 04_R29_R30_MODEL-1,left_shoulder_yaw_joint,,left_shoulder_yaw_joint,revolute,-0.046188,0.1265,-0.02,-1.5708,-1.5708,0,left_shoulder_roll_link,0,0,1,50.92,14.8,-0.5,0.5,,,,,,,,
left_elbow_pitch_link,-0.0737339835622512,-1.09382929861183E-05,-0.0306699902907299,0,0,0,1.23675088528996,0.00137087262693801,3.33541282835811E-07,-6.50230606739201E-05,0.00117162307879003,-1.5370034959165E-07,0.00111896143387346,0,0,0,0,0,0,package://01 휴머노이드 조립체_R29_R30_v6/meshes/left_elbow_pitch_link.STL,0.752941176470588,0.752941176470588,0.752941176470588,1,0,0,0,0,0,0,package://01 휴머노이드 조립체_R29_R30_v6/meshes/left_elbow_pitch_link.STL,,팔 브라켓 05_R29_R30_MODEL-1,left_elbow_pitch_joint,,left_elbow_pitch_joint,revolute,0,-0.0335,0.055,1.5708,1.5708,0,left_shouler_yaw_link,0,0,1,50.92,14.8,-1,1,,,,,,,,
left_elbow_yaw_link,-0.00257174313161987,-0.00396126167686908,0.107713897318654,0,0,0,1.97389703921488,0.00223274167029132,-9.79383209703956E-08,-3.5241303067854E-06,0.00250139711690791,9.74358559010631E-05,0.00116816266702516,0,0,0,0,0,0,package://01 휴머노이드 조립체_R29_R30_v6/meshes/left_elbow_yaw_link.STL,0.752941176470588,0.752941176470588,0.752941176470588,1,0,0,0,0,0,0,package://01 휴머노이드 조립체_R29_R30_v6/meshes/left_elbow_yaw_link.STL,,팔 브라켓 09_R29_R30_MODEL-1,left_elbow_yaw_joint,,left_elbow_yaw_joint,revolute,-0.1085,0,-0.0335,-1.5708,0,1.5708,left_elbow_pitch_link,0,0,1,50.92,14.8,-0.5,0.5,,,,,,,,
right_shoulder_pitch_link,-3.30807277484912E-06,0.00348033562776288,0.0562087428854726,0,0,0,1.59741256755305,0.0017645178584114,1.56302675116985E-07,-1.53891242617139E-07,0.00217921404575193,-5.50286636193601E-05,0.00168027905389908,0,0,0,0,0,0,package://01 휴머노이드 조립체_R29_R30_v6/meshes/right_shoulder_pitch_link.STL,0.752941176470588,0.752941176470588,0.752941176470588,1,0,0,0,0,0,0,package://01 휴머노이드 조립체_R29_R30_v6/meshes/right_shoulder_pitch_link.STL,,mirror_팔 브라켓 02_R29_R30_MODEL-1,right_shoulder_pitch_joint,,right_shoulder_pitch_joint,revolute,-0.0052868,0.13393,0.3148,0,-1.3963,-1.5708,torso_link,0,0,-1,118.9,8.7,-1,1,,,,,,,,
right_shoulder_roll_link,0.0436368636586059,0.088868502755908,-0.0171383235520236,0,0,0,1.67002184300069,0.00182092483779078,-0.00011909858272354,2.28442740589277E-05,0.00219602541271419,4.14410470616231E-05,0.00193300311930828,0,0,0,0,0,0,package://01 휴머노이드 조립체_R29_R30_v6/meshes/right_shoulder_roll_link.STL,0.752941176470588,0.752941176470588,0.752941176470588,1,0,0,0,0,0,0,package://01 휴머노이드 조립체_R29_R30_v6/meshes/right_shoulder_roll_link.STL,,mirror_팔 브라켓 03_R29_1_R30_MODEL-1,right_shoulder_roll_joint,,right_shoulder_roll_joint,revolute,0,-0.0265,0.06,-1.5708,-1.3963,3.1416,right_shoulder_pitch_link,0,0,1,118.9,8.7,-1,1,,,,,,,,
right_shoulder_yaw_link,-2.74723290252625E-06,0.00283420261077402,0.0512116936485806,0,0,0,1.24151278319563,0.00116705340924252,-8.40920400283424E-08,1.00604184531152E-07,0.0014272309557664,4.88299228803797E-05,0.00107724293777103,0,0,0,0,0,0,package://01 휴머노이드 조립체_R29_R30_v6/meshes/right_shoulder_yaw_link.STL,0.752941176470588,0.752941176470588,0.752941176470588,1,0,0,0,0,0,0,package://01 휴머노이드 조립체_R29_R30_v6/meshes/right_shoulder_yaw_link.STL,,mirror_팔 브라켓 04_R29_R30_MODEL-1,right_shoulder_yaw_joint,,right_shoulder_yaw_joint,revolute,0.046188,0.1265,-0.02,1.5708,-1.5708,0,right_shoulder_roll_link,0,0,1,50.92,14.8,-0.5,0.5,,,,,,,,
right_elbow_pitch_link,-0.0737338788280447,-0.000125592514545244,-0.0306699865528381,0,0,0,1.23675088528996,0.00137087110187601,6.43362904816994E-07,-6.50227648124006E-05,0.00117162458850989,-2.5481899540877E-07,0.00111896144921563,0,0,0,0,0,0,package://01 휴머노이드 조립체_R29_R30_v6/meshes/right_elbow_pitch_link.STL,0.752941176470588,0.752941176470588,0.752941176470588,1,0,0,0,0,0,0,package://01 휴머노이드 조립체_R29_R30_v6/meshes/right_elbow_pitch_link.STL,,mirror_팔 브라켓 05_R29_R30_MODEL-1,right_elbow_pitch_joint,,right_elbow_pitch_joint,revolute,0,0.0335,0.055,-1.5708,1.5692,2.9704E-05,right_shoulder_yaw_link,0,0,-1,50.92,14.8,-1,1,,,,,,,,
right_elbow_yaw_link,-0.00255864941434237,0.00396126166249766,0.107817314944989,0,0,0,1.97389702794242,0.00223329641342035,3.08828611258013E-08,-5.94459680209964E-07,0.00250139711542713,-9.78507477357798E-05,0.00116760792188156,0,0,0,0,0,0,package://01 휴머노이드 조립체_R29_R30_v6/meshes/right_elbow_yaw_link.STL,0.752941176470588,0.752941176470588,0.752941176470588,1,0,0,0,0,0,0,package://01 휴머노이드 조립체_R29_R30_v6/meshes/right_elbow_yaw_link.STL,,mirror_팔 브라켓 09_R29_R30_MODEL-1,right_elbow_yaw_joint,,right_elbow_yaw_joint,revolute,-0.1085,-0.00016871,-0.0335,1.5708,0,-1.5692,right_elbow_pitch_link,0,0,1,50.92,14.8,-0.5,0.5,,,,,,,,
left_hip_pitch_link,-0.0291495098796574,0.0124190812806658,0.0702604067596201,0,0,0,1.77786951000081,0.00280260940933149,-1.45831408095476E-06,-1.71936056438367E-05,0.00448441652763831,5.18520488500538E-07,0.00280175615406173,0,0,0,0,0,0,package://01 휴머노이드 조립체_R29_R30_v6/meshes/left_hip_pitch_link.STL,0.752941176470588,0.752941176470588,0.752941176470588,1,0,0,0,0,0,0,package://01 휴머노이드 조립체_R29_R30_v6/meshes/left_hip_pitch_link.STL,,다리 브라켓 01_R29_R30_MODEL-1,left_hip_pitch_joint,,left_hip_pitch_joint,revolute,0,0.098995,-0.12569,3.1416,-0.7854,1.5708,pelvis_link,0,0,1,228,11,-1,1,,,,,,,,
left_hip_roll_link,-0.00103925515428102,0.110350427942758,-0.0297219338576198,0,0,0,1.51693272322716,0.00206908604680997,-3.09696799027097E-06,2.71411962652947E-06,0.00242411866287683,0.000158469028802953,0.00203464863409715,0,0,0,0,0,0,package://01 휴머노이드 조립체_R29_R30_v6/meshes/left_hip_roll_link.STL,0.752941176470588,0.752941176470588,0.752941176470588,1,0,0,0,0,0,0,package://01 휴머노이드 조립체_R29_R30_v6/meshes/left_hip_roll_link.STL,,다리 브라켓 02_R29_R30_MODEL-1,left_hip_roll_joint,,left_hip_roll_joint,revolute,-0.030001,0.039999,0.072,1.5708,0.79534,-3.1416,left_hip_pitch_link,0,0,1,228,11,-1,1,,,,,,,,
left_hip_yaw_link,0.000215656233133338,0.00282955697942605,0.156570744199248,0,0,0,2.2168801096094,0.00365739132001368,-7.16069405556617E-07,1.09180270529886E-05,0.00550236014799067,-9.22379937069909E-05,0.00310049988879506,0,0,0,0,0,0,package://01 휴머노이드 조립체_R29_R30_v6/meshes/left_hip_yaw_link.STL,0.752941176470588,0.752941176470588,0.752941176470588,1,0,0,0,0,0,0,package://01 휴머노이드 조립체_R29_R30_v6/meshes/left_hip_yaw_link.STL,,다리 브라켓 13_R29_R30_MODEL-1,left_hip_yaw_joint,,left_hip_yaw_joint,revolute,-0.0014671,0.14749,-0.035,-1.5807,-1.5708,0,left_hip_roll_link,0,0,1,132,19,-1,1,,,,,,,,
left_knee_link,-0.194785553114537,-0.000480738459760363,-0.0192347080634546,0,0,0,4.25926308069979,0.0048183726534631,0.000116185844169167,-0.000138496974457542,0.020872287303801,-6.84746329292763E-07,0.0234256038295375,0,0,0,0,0,0,package://01 휴머노이드 조립체_R29_R30_v6/meshes/left_knee_link.STL,0.752941176470588,0.752941176470588,0.752941176470588,1,0,0,0,0,0,0,package://01 휴머노이드 조립체_R29_R30_v6/meshes/left_knee_link.STL,,다리 조인트 설명_R30_MODEL-1,left_knee_joint,,left_knee_joint,revolute,0,-0.026,0.175,1.5708,1.5708,0,left_hip_yaw_link,0,0,1,228,11,-1,1,,,,,,,,
left_ankle_pitch_link,-2.22044604925031E-16,-6.93889390390723E-18,0,0,0,0,0.0424115008234622,9.89601685880785E-06,-1.11420194535127E-20,0,2.1205750476448E-06,2.24321726691083E-10,9.89601685233615E-06,0,0,0,0,0,0,package://01 휴머노이드 조립체_R29_R30_v6/meshes/left_ankle_pitch_link.STL,0.866666666666667,0.909803921568627,1,1,0,0,0,0,0,0,package://01 휴머노이드 조립체_R29_R30_v6/meshes/left_ankle_pitch_link.STL,,ankle_axis-1,left_ankle_pitch_joint,Axis_left_ankle_pitch_joint,left_ankle_pitch_joint,revolute,-0.39399,0.002869,-0.02,0,0,0,left_knee_link,0,0,1,156,9.6,-0.6,0.6,,,,,,,,
left_ankle_roll_link,9.12675724717982E-08,0.0464285033956291,-0.00957358252860677,0,0,0,1.03752041834748,0.00338042746986904,-5.31947629708209E-10,-2.0318494284492E-10,0.00384270095258447,-5.21045767815252E-05,0.00058732918242217,0,0,0,0,0,0,package://01 휴머노이드 조립체_R29_R30_v6/meshes/left_ankle_roll_link.STL,0.752941176470588,0.752941176470588,0.752941176470588,1,0,0,0,0,0,0,package://01 휴머노이드 조립체_R29_R30_v6/meshes/left_ankle_roll_link.STL,,그룹 01_R30_MODEL-1,left_ankle_roll_joint,,left_ankle_roll_joint,revolute,0,0,0,3.1416,1.5708,-1.5708,left_ankle_pitch_link,0,0,1,156,9.6,-0.3,0.3,,,,,,,,
right_hip_pitch_link,-0.026958,-0.010832,0.067029,0,0,0,1.8723,0.0028565,1.5093E-06,-1.3405E-05,0.0045127,1.8087E-06,0.0028518,0,0,0,0,0,0,package://01 휴머노이드 조립체_R29_R30_v6/meshes/right_hip_pitch_link.STL,0.75294,0.75294,0.75294,1,0,0,0,0,0,0,package://01 휴머노이드 조립체_R29_R30_v6/meshes/right_hip_pitch_link.STL,,mirror_다리 브라켓 01_R29_R30_MODEL-1,right_hip_pitch_joint,,right_hip_pitch_joint,revolute,0,-0.098995,-0.12569,-3.1405,-0.7854,-1.5724,pelvis_link,0,0,-1,228,11,-1,1,,,,,,,,
right_hip_roll_link,5.83642614362112E-05,0.110355306134208,-0.0297219338576205,0,0,0,1.5169327232251,0.00206905956601039,4.34697332242178E-07,4.29015087545572E-06,0.0024241451436901,0.000158434194970321,0.00203464863410655,0,0,0,0,0,0,package://01 휴머노이드 조립체_R29_R30_v6/meshes/right_hip_roll_link.STL,0.752941176470588,0.752941176470588,0.752941176470588,1,0,0,0,0,0,0,package://01 휴머노이드 조립체_R29_R30_v6/meshes/right_hip_roll_link.STL,,다리 브라켓 02_R29_R30_MODEL-2,right_hip_roll_joint,,right_hip_roll_joint,revolute,-0.030008,-0.038857,0.071964,1.5724,-0.7854,-0.0011109,right_hip_pitch_link,0,0,1,228,11,-1,1,,,,,,,,
right_hip_yaw_link,-0.000232939096249214,-0.0028295544455825,0.156484253942041,0,0,0,2.21688065063159,0.00366183748322836,-7.18581762403143E-07,-1.82243880611655E-07,0.0055023605442827,9.19615290696372E-05,0.00309605438381093,0,0,0,0,0,0,package://01 휴머노이드 조립체_R29_R30_v6/meshes/right_hip_yaw_link.STL,0.752941176470588,0.752941176470588,0.752941176470588,1,0,0,0,0,0,0,package://01 휴머노이드 조립체_R29_R30_v6/meshes/right_hip_yaw_link.STL,,mirror_다리 브라켓 13_R29_0_R30_MODEL-1,right_hip_yaw_joint,,right_hip_yaw_joint,revolute,0,0.1475,-0.035,0,-1.5708,-1.5708,right_hip_roll_link,0,0,1,132,19,-1,1,,,,,,,,
right_knee_link,-0.194434598010478,0.000164860210514585,-0.0192349990402177,0,0,0,4.25926308087688,0.00482946645796709,-9.16216506949098E-05,-0.000138528086079158,0.0208611935256028,-9.00407491442404E-07,0.0234256038035173,0,0,0,0,0,0,package://01 휴머노이드 조립체_R29_R30_v6/meshes/right_knee_link.STL,0.752941176470588,0.752941176470588,0.752941176470588,1,0,0,0,0,0,0,package://01 휴머노이드 조립체_R29_R30_v6/meshes/right_knee_link.STL,,mirror_다리 조인트 설명_R30-1,right_knee_joint,,right_knee_joint,revolute,0,0.026,0.175,1.5708,1.5708,0,right_hip_yaw_link,0,0,-1,228,11,-1,1,,,,,,,,
right_ankle_pitch_link,-2.22044604925031E-16,1.73472347597681E-18,2.77555756156289E-17,0,0,0,0.0424115008234622,9.89601206744736E-06,6.10368100350552E-09,-3.35551639721085E-24,2.12057983253361E-06,3.90460319779759E-21,9.89601685880786E-06,0,0,0,0,0,0,package://01 휴머노이드 조립체_R29_R30_v6/meshes/right_ankle_pitch_link.STL,0.866666666666667,0.909803921568627,1,1,0,0,0,0,0,0,package://01 휴머노이드 조립체_R29_R30_v6/meshes/right_ankle_pitch_link.STL,,ankle_axis-2,right_ankle_pitch_joint,Axis_right_ankle_pitch_joint,right_ankle_pitch_joint,revolute,-0.39399,-0.002869,-0.02,0,0,0,right_knee_link,0,0,-1,156,9.6,-0.6,0.6,,,,,,,,
right_ankle_roll_link,-5.02531184789212E-05,-0.0464284761993103,-0.00957358252860765,0,0,0,1.03752041834748,0.0033804280145595,5.01792728163113E-07,5.62649414734768E-08,0.00384270040789404,5.21045464032826E-05,0.000587329182422177,0,0,0,0,0,0,package://01 휴머노이드 조립체_R29_R30_v6/meshes/right_ankle_roll_link.STL,0.752941176470588,0.752941176470588,0.752941176470588,1,0,0,0,0,0,0,package://01 휴머노이드 조립체_R29_R30_v6/meshes/right_ankle_roll_link.STL,,mirror_그룹 01_R30-1,right_ankle_roll_joint,,right_ankle_roll_joint,revolute,0,0,0,1.57,1.5708,0,right_ankle_pitch_link,0,0,-1,156,9.6,-0.3,0.3,,,,,,,,
